/12/1952,AUT,Landslide,28,0
11/01/1954,AUT,Landslide,10,0
12/01/1954,AUT,Landslide,200,0
/04/1975,AUT,Landslide,15,0
/01/1976,AUT,Storm,0,0
13/10/1980,AUT,Flood,0,0
19/07/1981,AUT,Storm,0,0
/02/1982,AUT,Landslide,12,0
18/05/1982,AUT,Flood,0,0
22/09/1983,AUT,Flood,0,0
12/07/1984,AUT,Storm,12,0
09/02/1984,AUT,Landslide,30,0
07/08/1985,AUT,Flood,12,0
22/05/1990,AUT,Storm,0,0
01/07/1990,AUT,Storm,0,0
15/02/1990,AUT,Storm,0,10000
27/02/1990,AUT,Storm,0,120000
01/03/1990,AUT,Storm,3,120000
06/08/1991,AUT,Flood,5,82000
14/07/1991,AUT,Storm,0,28000
06/07/1993,AUT,Storm,0,1000
29/01/1994,AUT,Storm,0,2000
27/06/1995,AUT,Flood,2,200
23/06/1996,AUT,Flood,0,5000
22/07/1997,AUT,Flood,3,175000
12/04/1998,AUT,Earthquake,0,0
24/02/1999,AUT,Landslide,50,41570
30/06/1999,AUT,Flood,3,32000
28/03/2000,AUT,Landslide,13,0
27/05/2000,AUT,Storm,0,20000
20/08/2002,AUT,Flood,9,2400000
28/10/2002,AUT,Storm,2,5000
14/11/2002,AUT,Storm,1,0
/08/2003,AUT,Extreme temperature ,345,280000
12/07/2005,AUT,Flood,0,0
26/08/2005,AUT,Flood,4,700000
/01/2006,AUT,Extreme temperature ,0,0
17/04/2006,AUT,Flood,0,0
18/01/2007,AUT,Storm,0,400000
/07/2007,AUT,Extreme temperature ,5,0
02/03/2008,AUT,Storm,4,500000
28/06/2009,AUT,Flood,1,200000
24/07/2009,AUT,Storm,0,500000
19/07/2009,AUT,Flood,0,0
19/12/2009,AUT,Extreme temperature ,2,0
/02/2012,AUT,Extreme temperature ,5,0
03/06/2013,AUT,Flood,4,1000000
01/06/2016,AUT,Flood,0,0
25/06/1995,AZE,Flood,0,6700
21/06/1995,AZE,Flood,0,5500
05/10/1995,AZE,Flood,5,4000
05/06/1997,AZE,Flood,11,25000
09/07/1998,AZE,Earthquake,1,0
04/06/1999,AZE,Earthquake,1,5000
25/11/2000,AZE,Earthquake,31,10000
/12/2000,AZE,Landslide,11,0
//2000,AZE,Drought,0,100000
04/06/2003,AZE,Flood,0,55000
21/09/2009,AZE,Flood,0,0
13/05/2010,AZE,Flood,3,0
/02/2012,AZE,Extreme temperature ,5,0
07/05/2012,AZE,Earthquake,0,0
18/05/2012,AZE,Earthquake,0,0
26/07/1926,BHS,Storm,0,0
26/09/1929,BHS,Storm,0,0
29/09/1935,BHS,Storm,14,0
14/09/1945,BHS,Storm,22,0
08/10/1963,BHS,Storm,0,1500
09/09/1965,BHS,Storm,0,700
03/10/1966,BHS,Storm,5,15500
/09/1966,BHS,Storm,0,0
/06/1988,BHS,Flood,0,0
27/07/1990,BHS,Storm,0,0
23/08/1992,BHS,Storm,4,250000
06/08/1995,BHS,Storm,0,400
17/09/1999,BHS,Storm,1,450000
09/11/2001,BHS,Storm,0,300000
03/09/2004,BHS,Storm,2,1000000
08/09/2004,BHS,Storm,1,0
25/09/2004,BHS,Storm,9,550000
25/10/2005,BHS,Storm,1,0
02/11/2007,BHS,Storm,1,0
26/08/2008,BHS,Storm,0,0
07/09/2008,BHS,Storm,0,0
26/08/2011,BHS,Storm,0,40000
24/10/2012,BHS,Storm,1,0
22/05/2013,BHS,Flood,0,45000
04/10/2015,BHS,Storm,33,90000
10/10/2016,BHS,Storm,0,600000
/11/1904,BGD,Storm,0,0
15/10/1909,BGD,Storm,172,0
/12/1909,BGD,Storm,0,0
/04/1911,BGD,Storm,0,0
23/09/1919,BGD,Storm,0,0
19/04/1922,BGD,Storm,0,0
07/05/1923,BGD,Storm,6,0
19/05/1926,BGD,Storm,0,0
11/10/1937,BGD,Storm,0,0
21/05/1941,BGD,Storm,5000,0
/10/1942,BGD,Storm,61000,0
//1943,BGD,Drought,1900000,0
21/10/1947,BGD,Storm,500,0
//1947,BGD,Drought,0,0
/05/1951,BGD,Storm,200,0
/05/1958,BGD,Storm,0,0
20/10/1958,BGD,Storm,500,0
//1960,BGD,Flood,10000,0
09/10/1960,BGD,Storm,3000,0
30/10/1960,BGD,Storm,5149,0
09/05/1961,BGD,Storm,11000,11900
30/05/1961,BGD,Storm,0,0
/03/1961,BGD,Storm,266,0
28/05/1963,BGD,Storm,22000,50000
/07/1963,BGD,Flood,30,0
/10/1963,BGD,Storm,79,0
12/04/1964,BGD,Storm,300,250
/07/1964,BGD,Flood,0,5000
11/05/1965,BGD,Storm,36000,57700
/06/1965,BGD,Storm,12047,0
15/12/1965,BGD,Storm,874,0
/06/1966,BGD,Flood,39,1000
01/10/1966,BGD,Storm,850,22400
02/05/1967,BGD,Storm,50,0
/10/1967,BGD,Storm,41,0
11/04/1968,BGD,Storm,118,1500
/07/1968,BGD,Flood,221,199400
14/04/1969,BGD,Storm,849,8329
13/04/1970,BGD,Storm,17,0
/07/1970,BGD,Flood,0,25000
23/10/1970,BGD,Storm,300,0
12/11/1970,BGD,Storm,300000,86400
08/05/1971,BGD,Storm,163,0
02/04/1972,BGD,Storm,200,0
25/06/1972,BGD,Flood,50,0
12/04/1973,BGD,Storm,200,0
09/12/1973,BGD,Storm,1000,0
/03/1973,BGD,Flood,427,0
/04/1973,BGD,Storm,700,0
/08/1973,BGD,Flood,0,0
/07/1974,BGD,Flood,28700,579200
/08/1974,BGD,Storm,2500,0
28/11/1974,BGD,Storm,0,0
/03/1974,BGD,Storm,300,0
//1974,BGD,Drought,0,0
10/04/1976,BGD,Storm,46,0
15/06/1976,BGD,Flood,168,0
09/05/1976,BGD,Storm,1,201
01/04/1977,BGD,Storm,600,50000
24/04/1977,BGD,Storm,13,0
/09/1977,BGD,Flood,5,0
06/10/1977,BGD,Storm,21,0
13/10/1977,BGD,Flood,8,0
09/04/1978,BGD,Storm,1000,0
05/05/1978,BGD,Storm,30,0
/08/1978,BGD,Flood,17,0
02/05/1979,BGD,Storm,3,0
17/08/1979,BGD,Storm,50,0
//1979,BGD,Drought,18,0
/04/1980,BGD,Storm,11,0
/08/1980,BGD,Flood,655,150000
15/04/1981,BGD,Storm,70,0
11/12/1981,BGD,Storm,1000,0
06/03/1981,BGD,Storm,15,0
07/09/1982,BGD,Flood,0,0
//1983,BGD,Drought,0,0
21/03/1983,BGD,Storm,6,0
/04/1983,BGD,Flood,78,0
26/04/1983,BGD,Storm,12,0
/07/1983,BGD,Flood,12,0
/09/1983,BGD,Flood,114,0
15/10/1983,BGD,Storm,600,0
13/11/1983,BGD,Storm,67,0
/08/1983,BGD,Flood,41,0
/05/1984,BGD,Flood,1200,0
/06/1985,BGD,Flood,7,0
28/03/1985,BGD,Storm,50,0
28/05/1985,BGD,Storm,15000,50000
16/10/1985,BGD,Storm,71,0
05/07/1985,BGD,Flood,27,0
04/04/1986,BGD,Storm,100,0
02/08/1986,BGD,Flood,4,0
26/09/1986,BGD,Storm,40,0
09/11/1986,BGD,Storm,25,0
07/08/1986,BGD,Flood,26,0
/03/1986,BGD,Storm,19,0
04/06/1987,BGD,Storm,12,0
22/07/1987,BGD,Flood,2055,330000
/08/1987,BGD,Flood,225,727500
06/02/1988,BGD,Earthquake,2,0
23/05/1988,BGD,Storm,28,0
/09/1988,BGD,Flood,2379,2137000
13/06/1988,BGD,Storm,5,0
/07/1988,BGD,Flood,61,0
19/10/1988,BGD,Storm,31,0
29/11/1988,BGD,Storm,1000,0
26/04/1989,BGD,Storm,800,16200
12/06/1989,BGD,Earthquake,1,0
14/08/1989,BGD,Flood,180,0
/12/1989,BGD,Extreme temperature ,100,0
/01/1989,BGD,Extreme temperature ,70,0
26/05/1989,BGD,Storm,15,0
//1989,BGD,Drought,0,0
02/05/1990,BGD,Storm,0,0
30/03/1990,BGD,Flood,166,0
22/04/1990,BGD,Storm,54,0
21/12/1990,BGD,Storm,250,0
29/12/1990,BGD,Extreme temperature ,67,0
08/10/1990,BGD,Storm,370,0
06/09/1990,BGD,Flood,65,6000
01/01/1990,BGD,Extreme temperature ,50,0
10/05/1991,BGD,Storm,138866,1780000
/07/1991,BGD,Flood,0,0
10/09/1991,BGD,Flood,65,150000
07/05/1991,BGD,Storm,121,0
06/01/1992,BGD,Extreme temperature ,182,0
26/05/1991,BGD,Flood,200,0
01/02/1992,BGD,Storm,7,0
18/04/1992,BGD,Flood,15,0
22/04/1992,BGD,Storm,16,0
26/06/1992,BGD,Flood,2,0
11/07/1992,BGD,Flood,0,0
12/01/1993,BGD,Storm,31,0
22/06/1993,BGD,Flood,28,0
13/05/1993,BGD,Storm,14,0
31/08/1993,BGD,Flood,162,0
19/02/1993,BGD,Storm,8,0
27/03/1993,BGD,Storm,300,0
07/05/1993,BGD,Storm,9,0
17/05/1993,BGD,Storm,25,0
21/08/1993,BGD,Flood,4,0
09/01/1993,BGD,Storm,50,0
09/05/1993,BGD,Storm,15,0
02/05/1994,BGD,Storm,130,125000
28/03/1994,BGD,Storm,40,2500
19/04/1994,BGD,Storm,20,0
18/05/1994,BGD,Storm,15,0
03/06/1994,BGD,Flood,3,0
19/08/1994,BGD,Flood,40,0
/02/1994,BGD,Extreme temperature ,29,0
19/04/1994,BGD,Flood,61,0
19/05/1994,BGD,Flood,12,0
/01/1995,BGD,Extreme temperature ,120,0
12/04/1995,BGD,Storm,50,0
12/04/1995,BGD,Storm,6,0
15/05/1995,BGD,Storm,525,800000
23/06/1995,BGD,Flood,250,200000
15/05/1995,BGD,Flood,50,0
16/10/1995,BGD,Flood,400,175000
25/11/1995,BGD,Storm,172,0
24/05/1995,BGD,Flood,41,300
/01/1996,BGD,Extreme temperature ,200,0
14/05/1996,BGD,Storm,525,0
02/08/1996,BGD,Flood,33,10000
27/07/1996,BGD,Storm,60,0
07/09/1996,BGD,Flood,22,0
23/04/1996,BGD,Storm,17,0
29/10/1996,BGD,Storm,24,0
18/05/1997,BGD,Storm,111,0
13/07/1997,BGD,Flood,79,229000
27/09/1997,BGD,Storm,188,0
12/10/1997,BGD,Storm,15,0
22/11/1997,BGD,Earthquake,23,0
21/01/1997,BGD,Extreme temperature ,33,0
23/03/1997,BGD,Storm,11,0
27/08/1997,BGD,Storm,100,0
09/01/1998,BGD,Extreme temperature ,120,0
23/04/1998,BGD,Storm,14,0
20/05/1998,BGD,Storm,19,0
22/09/1998,BGD,Flood,1050,4300000
25/11/1998,BGD,Storm,200,0
23/03/1998,BGD,Storm,28,0
03/07/1998,BGD,Storm,60,0
08/04/1999,BGD,Storm,7,0
26/03/1999,BGD,Storm,2,0
30/04/1999,BGD,Storm,3,0
03/08/1999,BGD,Flood,31,0
22/07/1999,BGD,Earthquake,6,0
15/08/1999,BGD,Flood,17,0
25/10/1999,BGD,Storm,0,0
10/04/1999,BGD,Storm,66,0
20/07/1999,BGD,Flood,82,0
05/08/1999,BGD,Flood,0,0
11/04/1999,BGD,Flood,66,0
05/07/1999,BGD,Storm,50,0
/01/2000,BGD,Extreme temperature ,49,0
02/01/2000,BGD,Earthquake,0,0
05/03/2000,BGD,Storm,0,0
21/04/2000,BGD,Storm,20,0
11/04/2000,BGD,Storm,0,0
19/06/2000,BGD,Storm,36,0
23/05/2000,BGD,Storm,28,0
24/06/2000,BGD,Flood,11,0
30/08/2000,BGD,Flood,1,0
/10/2000,BGD,Flood,31,500000
25/06/2000,BGD,Storm,0,0
28/10/2000,BGD,Storm,15,0
11/05/2001,BGD,Storm,12,0
01/04/2001,BGD,Storm,193,0
28/04/2001,BGD,Storm,21,0
05/06/2001,BGD,Flood,9,0
31/08/2001,BGD,Flood,0,0
05/10/2001,BGD,Storm,12,0
/12/2001,BGD,Extreme temperature ,6,0
25/03/2002,BGD,Storm,32,0
22/04/2002,BGD,Storm,31,0
/08/2002,BGD,Flood,10,0
14/07/2002,BGD,Storm,10,0
14/11/2002,BGD,Storm,49,0
/01/2003,BGD,Extreme temperature ,700,0
16/04/2003,BGD,Storm,9,0
04/05/2003,BGD,Storm,23,0
12/06/2003,BGD,Extreme temperature ,62,0
10/10/2003,BGD,Flood,187,0
03/07/2003,BGD,Flood,65,0
26/07/2003,BGD,Earthquake,2,0
/01/2004,BGD,Extreme temperature ,153,0
20/12/2003,BGD,Storm,28,0
15/04/2004,BGD,Storm,76,0
13/06/2004,BGD,Storm,153,0
03/08/2004,BGD,Flood,730,2200000
18/09/2004,BGD,Flood,20,0
18/10/2004,BGD,Flood,11,0
26/12/2004,BGD,Earthquake,2,500000
13/05/2004,BGD,Storm,10,0
17/07/2004,BGD,Storm,0,0
23/03/2005,BGD,Storm,79,0
31/03/2005,BGD,Storm,24,0
22/05/2005,BGD,Storm,10,0
28/05/2005,BGD,Flood,13,0
14/05/2005,BGD,Storm,2,0
06/05/2005,BGD,Storm,11,0
/07/2005,BGD,Extreme temperature ,0,0
27/07/2005,BGD,Flood,23,0
30/06/2005,BGD,Storm,35,0
20/09/2005,BGD,Storm,16,0
20/10/2005,BGD,Flood,19,0
/01/2006,BGD,Extreme temperature ,100,0
04/03/2006,BGD,Storm,4,0
24/07/2006,BGD,Flood,0,0
20/09/2006,BGD,Flood,0,0
05/10/2006,BGD,Storm,115,0
06/04/2006,BGD,Storm,9,0
08/04/2006,BGD,Storm,22,0
24/04/2006,BGD,Storm,4,0
/01/2007,BGD,Extreme temperature ,130,0
12/06/2007,BGD,Flood,120,14000
15/05/2007,BGD,Storm,41,0
03/08/2007,BGD,Flood,1110,100000
19/11/2007,BGD,Storm,4234,2300000
13/07/2008,BGD,Flood,16,0
08/09/2008,BGD,Flood,12,0
16/08/2008,BGD,Landslide,13,0
22/03/2008,BGD,Storm,12,0
27/10/2008,BGD,Storm,15,0
20/04/2009,BGD,Storm,7,0
26/05/2009,BGD,Storm,190,270000
06/07/2009,BGD,Flood,6,0
29/07/2009,BGD,Flood,10,0
31/01/2010,BGD,Extreme temperature ,135,0
/08/2009,BGD,Drought,0,0
14/04/2010,BGD,Storm,8,0
17/04/2010,BGD,Storm,3,0
15/06/2010,BGD,Landslide,66,0
24/06/2010,BGD,Flood,0,0
12/10/2010,BGD,Flood,15,0
02/05/2010,BGD,Storm,15,0
20/02/2011,BGD,Extreme temperature ,50,0
29/07/2011,BGD,Flood,10,0
18/12/2011,BGD,Extreme temperature ,12,0
04/07/2011,BGD,Landslide,17,0
04/04/2011,BGD,Storm,13,0
06/04/2012,BGD,Storm,25,0
02/07/2012,BGD,Flood,139,0
28/09/2012,BGD,Flood,0,0
10/10/2012,BGD,Storm,108,0
/02/2013,BGD,Extreme temperature ,72,0
22/03/2013,BGD,Storm,31,20000
30/03/2013,BGD,Storm,2,0
16/05/2013,BGD,Storm,17,0
28/04/2014,BGD,Storm,16,0
11/06/2014,BGD,Storm,4,0
10/09/2014,BGD,Flood,59,160000
/09/2014,BGD,Flood,0,0
07/04/2015,BGD,Storm,53,4000
25/04/2015,BGD,Earthquake,4,0
03/05/2015,BGD,Storm,13,0
30/06/2015,BGD,Flood,20,40000
27/07/2015,BGD,Flood,11,0
30/07/2015,BGD,Storm,45,40000
18/07/2015,BGD,Landslide,7,0
23/05/2015,BGD,Storm,6,0
03/01/2016,BGD,Earthquake,5,0
15/05/2016,BGD,Storm,59,0
21/05/2016,BGD,Storm,28,600000
02/08/2016,BGD,Flood,106,150000
22/09/1955,BRB,Storm,57,0
02/10/1970,BRB,Flood,3,500
11/08/1980,BRB,Storm,0,1500
03/10/1984,BRB,Flood,0,0
//1987,BRB,Storm,0,100000
18/09/1995,BRB,Storm,0,0
24/09/2002,BRB,Storm,0,200
08/09/2004,BRB,Storm,1,5000
29/11/2007,BRB,Earthquake,0,0
29/10/2010,BRB,Storm,0,0
/06/2010,BRB,Drought,0,0
12/08/1993,BLR,Flood,0,100000
/03/1996,BLR,Flood,0,0
23/06/1997,BLR,Storm,5,33000
10/04/1999,BLR,Flood,2,4380
/05/2000,BLR,Extreme temperature ,0,30300
/01/2006,BLR,Extreme temperature ,5,0
19/01/2007,BLR,Storm,0,10000
/02/2012,BLR,Extreme temperature ,0,0
/02/2013,BLR,Extreme temperature ,4,0
29/01/2014,BLR,Extreme temperature ,2,0
14/05/1906,BEL,Flood,6,0
/04/1906,BEL,Flood,0,0
//1926,BEL,Flood,0,0
//1928,BEL,Flood,0,0
02/12/1930,BEL,Storm,60,0
22/11/1930,BEL,Flood,0,0
31/01/1953,BEL,Flood,11,0
29/05/1956,BEL,Flood,4,0
//1963,BEL,Extreme temperature ,12,0
17/06/1966,BEL,Storm,0,0
25/06/1967,BEL,Storm,0,0
26/08/1971,BEL,Flood,0,0
/11/1972,BEL,Storm,0,0
02/01/1976,BEL,Storm,0,0
//1976,BEL,Drought,0,0
20/09/1982,BEL,Storm,0,0
08/11/1983,BEL,Earthquake,2,50000
21/11/1984,BEL,Storm,0,0
/02/1984,BEL,Flood,0,0
/08/1985,BEL,Storm,0,0
/01/1985,BEL,Extreme temperature ,0,0
24/08/1987,BEL,Flood,0,0
26/01/1990,BEL,Storm,10,350000
04/02/1990,BEL,Storm,0,180000
08/02/1990,BEL,Storm,0,60000
15/02/1990,BEL,Storm,0,60000
27/02/1990,BEL,Storm,5,240000
01/03/1990,BEL,Storm,1,90000
13/04/1992,BEL,Earthquake,0,100000
11/01/1993,BEL,Flood,0,0
31/12/1993,BEL,Flood,0,17000
/08/1994,BEL,Flood,0,0
02/02/1995,BEL,Storm,6,100000
14/09/1998,BEL,Flood,1,10000
06/01/1998,BEL,Storm,0,500
14/08/1999,BEL,Storm,0,486
27/12/1999,BEL,Storm,2,50000
27/01/2002,BEL,Flood,0,0
11/02/2002,BEL,Flood,0,0
26/08/2002,BEL,Flood,0,0
28/10/2002,BEL,Storm,5,5000
24/12/2002,BEL,Flood,2,0
08/01/2003,BEL,Flood,0,0
15/08/2003,BEL,Extreme temperature ,1175,0
11/09/2005,BEL,Flood,0,0
26/11/2005,BEL,Extreme temperature ,2,0
30/12/2005,BEL,Extreme temperature ,0,0
/07/2006,BEL,Extreme temperature ,940,0
18/01/2007,BEL,Storm,2,450000
01/03/2008,BEL,Storm,0,0
/01/2009,BEL,Extreme temperature ,1,0
28/02/2010,BEL,Storm,1,160000
15/11/2010,BEL,Flood,3,238146
24/12/2010,BEL,Storm,0,0
13/01/2011,BEL,Flood,0,0
18/08/2011,BEL,Storm,5,99000
/02/2012,BEL,Extreme temperature ,3,0
07/12/2013,BEL,Storm,0,0
26/12/2013,BEL,Storm,0,0
10/06/2014,BEL,Storm,0,0
05/07/2015,BEL,Extreme temperature ,410,0
03/06/2016,BEL,Flood,1,0
24/06/2016,BEL,Storm,1,0
05/12/1999,LVA,Storm,6,500
/10/2001,LVA,Extreme temperature ,21,0
/01/2003,LVA,Extreme temperature ,15,0
09/01/2005,LVA,Storm,0,325000
09/01/2005,LVA,Storm,0,0
/01/2006,LVA,Extreme temperature ,40,0
/02/2012,LVA,Extreme temperature ,10,0
29/11/2007,MNE,Flood,0,0
10/01/2010,MNE,Flood,0,0
16/11/2010,MNE,Flood,0,0
03/12/2010,MNE,Flood,0,0
/02/2012,MNE,Extreme temperature ,1,0
12/09/1928,MSR,Storm,0,0
17/09/1989,MSR,Storm,11,240000
27/08/1990,MSR,Storm,0,0
/12/1995,MSR,Volcanic activity,0,0
07/09/1995,MSR,Storm,0,20000
29/07/1996,MSR,Volcanic activity,0,0
25/06/1997,MSR,Volcanic activity,32,8000
//2006,MSR,Volcanic activity,0,0
21/01/1909,MAR,Earthquake,100,0
/01/1951,MAR,Flood,131,0
/11/1954,MAR,Flood,30,0
29/02/1960,MAR,Earthquake,12000,120000
/12/1963,MAR,Flood,69,0
/01/1963,MAR,Flood,100,0
/01/1964,MAR,Flood,76,0
/11/1965,MAR,Flood,0,5000
/09/1965,MAR,Flood,75,0
//1966,MAR,Drought,0,0
22/01/1970,MAR,Flood,11,30000
//1971,MAR,Drought,0,100
21/04/1975,MAR,Flood,10,0
//1977,MAR,Flood,0,0
25/10/1979,MAR,Flood,16,0
/04/1982,MAR,Landslide,1,0
//1983,MAR,Drought,0,0
//1984,MAR,Drought,0,0
27/02/1988,MAR,Mass movement (dry),31,0
01/04/1995,MAR,Flood,18,0
18/08/1995,MAR,Flood,730,9000
04/09/1995,MAR,Flood,43,0
01/02/1996,MAR,Flood,25,55000
16/06/1996,MAR,Storm,14,0
29/09/1997,MAR,Flood,60,0
//2001,MAR,Drought,0,900000
/08/2000,MAR,Extreme temperature ,0,809
25/10/2000,MAR,Flood,0,0
22/12/2000,MAR,Flood,6,0
26/12/2001,MAR,Flood,15,2200
29/11/2002,MAR,Flood,80,200000
18/11/2003,MAR,Flood,35,0
24/02/2004,MAR,Earthquake,628,400000
28/11/2005,MAR,Storm,1,50
28/05/2006,MAR,Flood,6,0
27/10/2006,MAR,Flood,11,0
29/10/2006,MAR,Flood,0,0
28/02/2008,MAR,Flood,9,0
03/11/2008,MAR,Flood,30,0
12/02/2009,MAR,Flood,24,0
26/12/2009,MAR,Flood,5,0
09/03/2010,MAR,Flood,10,0
06/12/2010,MAR,Flood,32,29000
/02/2012,MAR,Extreme temperature ,0,0
07/01/2014,MAR,Storm,0,0
24/11/2014,MAR,Storm,49,300000
30/11/2014,MAR,Flood,11,0
27/02/2016,MAR,Extreme temperature ,0,0
/04/1956,MOZ,Storm,107,0
/02/1967,MOZ,Flood,0,180000
29/01/1971,MOZ,Flood,500,0
25/01/1975,MOZ,Flood,1,0
//1975,MOZ,Flood,0,0
/02/1977,MOZ,Flood,300,55500
22/10/1977,MOZ,Storm,3,0
/03/1978,MOZ,Flood,40,63000
23/12/1978,MOZ,Storm,4,0
//1982,MOZ,Drought,0,0
/02/1981,MOZ,Flood,0,0
//1985,MOZ,Drought,100000,0
04/02/1984,MOZ,Storm,109,75000
/02/1985,MOZ,Flood,8,500
26/03/1985,MOZ,Storm,0,0
//1987,MOZ,Drought,50,0
01/03/1988,MOZ,Storm,100,0
/01/1989,MOZ,Flood,2,0
/03/1992,MOZ,Drought,0,50000
26/03/1994,MOZ,Storm,240,0
29/02/1996,MOZ,Storm,11,14500
26/01/1997,MOZ,Storm,0,50
28/02/1997,MOZ,Flood,35,0
21/01/1998,MOZ,Landslide,87,0
//1999,MOZ,Drought,0,0
15/03/1999,MOZ,Flood,23,12400
27/03/2000,MOZ,Flood,800,419200
23/02/2000,MOZ,Storm,17,1000
02/04/2000,MOZ,Storm,1,0
18/11/2000,MOZ,Storm,9,0
26/11/2000,MOZ,Storm,5,0
27/04/2001,MOZ,Flood,79,36000
/07/2001,MOZ,Flood,0,0
//2001,MOZ,Drought,0,0
//2002,MOZ,Drought,9,0
22/03/2002,MOZ,Flood,0,0
25/10/2002,MOZ,Storm,3,0
17/02/2003,MOZ,Flood,4,0
17/02/2003,MOZ,Flood,32,0
03/03/2003,MOZ,Storm,11,0
28/03/2003,MOZ,Flood,2,0
/01/2003,MOZ,Drought,9,0
09/02/2005,MOZ,Flood,0,0
07/02/2006,MOZ,Flood,16,0
//2006,MOZ,Drought,0,0
22/02/2006,MOZ,Earthquake,4,0
/02/2007,MOZ,Flood,29,71000
23/01/2007,MOZ,Flood,5,0
22/02/2007,MOZ,Storm,10,0
03/01/2008,MOZ,Flood,20,100000
02/01/2008,MOZ,Flood,0,0
/08/2007,MOZ,Drought,0,0
09/03/2008,MOZ,Storm,9,20000
02/09/2008,MOZ,Wildfire,49,0
19/01/2009,MOZ,Flood,25,0
//2009,MOZ,Drought,0,0
/03/2009,MOZ,Flood,0,0
27/03/2009,MOZ,Storm,0,3000
11/03/2010,MOZ,Flood,5,0
//2010,MOZ,Drought,0,0
12/01/2011,MOZ,Storm,12,0
/02/2011,MOZ,Flood,11,0
/03/2011,MOZ,Flood,0,0
22/01/2012,MOZ,Storm,10,0
18/01/2012,MOZ,Storm,20,0
07/03/2012,MOZ,Storm,3,0
/01/2013,MOZ,Flood,119,30000
/05/2014,MOZ,Flood,17,0
18/12/2014,MOZ,Flood,5,0
09/02/2015,MOZ,Flood,160,0
29/01/2016,MOZ,Flood,16,0
/01/2017,MOZ,Flood,47,0
24/10/2016,MOZ,Storm,12,1500
/01/2017,MOZ,Drought,0,0
04/05/1902,MMR,Storm,600,0
07/05/1923,MMR,Storm,6,0
19/05/1926,MMR,Storm,2700,0
05/05/1930,MMR,Earthquake,500,0
04/12/1930,MMR,Earthquake,36,0
21/04/1936,MMR,Storm,1000,0
26/12/1941,MMR,Earthquake,15,0
25/05/1963,MMR,Storm,0,0
23/10/1965,MMR,Storm,100,1000
10/11/1965,MMR,Flood,34,0
16/05/1967,MMR,Storm,100,5000
23/10/1967,MMR,Storm,178,3200
10/05/1968,MMR,Storm,1070,2500
08/09/1970,MMR,Flood,90,0
15/07/1974,MMR,Flood,0,0
/05/1975,MMR,Storm,200,0
/06/1976,MMR,Flood,0,0
/09/1977,MMR,Flood,3,0
17/05/1978,MMR,Storm,0,0
/02/1979,MMR,Wildfire,0,11000
/10/1979,MMR,Flood,0,0
11/04/1981,MMR,Wildfire,8,0
04/05/1982,MMR,Storm,11,0
05/01/1991,MMR,Earthquake,0,0
13/07/1991,MMR,Flood,23,79840
/05/1992,MMR,Flood,5,55115
02/05/1994,MMR,Storm,17,10000
12/07/1995,MMR,Earthquake,0,0
12/09/1995,MMR,Flood,51,0
21/08/1997,MMR,Flood,68,0
/08/1999,MMR,Flood,22,0
02/06/2001,MMR,Flood,51,0
/08/2002,MMR,Flood,21,0
19/05/2004,MMR,Storm,236,688
26/12/2004,MMR,Earthquake,71,500000
15/09/2005,MMR,Landslide,17,0
05/05/2006,MMR,Storm,34,0
19/10/2006,MMR,Flood,25,0
11/06/2007,MMR,Flood,0,0
09/05/2007,MMR,Flood,5,0
11/07/2007,MMR,Flood,0,0
29/08/2007,MMR,Flood,0,0
03/05/2008,MMR,Storm,138366,4000000
04/07/2009,MMR,Landslide,24,0
17/06/2010,MMR,Landslide,68,0
22/10/2010,MMR,Storm,45,57000
24/03/2011,MMR,Earthquake,74,3600
21/10/2011,MMR,Flood,151,1700
29/08/2012,MMR,Flood,2,0
11/11/2012,MMR,Earthquake,38,1170
03/05/2013,MMR,Landslide,16,0
07/08/2013,MMR,Flood,7,0
17/09/2014,MMR,Flood,0,0
/08/2014,MMR,Flood,0,0
05/04/2015,MMR,Storm,3,0
30/06/2015,MMR,Flood,7,0
19/08/2015,MMR,Flood,149,119000
09/10/2015,MMR,Landslide,21,0
11/10/2015,MMR,Landslide,17,0
08/10/2015,MMR,Flood,16,0
23/04/2016,MMR,Storm,14,2000
03/05/2016,MMR,Storm,18,2600
23/05/2016,MMR,Landslide,42,0
24/06/2016,MMR,Flood,14,0
/08/2016,MMR,Flood,5,2000
24/08/2016,MMR,Earthquake,4,10000
//1984,NAM,Drought,0,0
/03/1992,NAM,Drought,0,50000
//1996,NAM,Drought,0,0
//1999,NAM,Drought,0,1000
/02/2000,NAM,Flood,0,0
//2001,NAM,Drought,0,0
//2003,NAM,Drought,0,0
12/05/2003,NAM,Flood,2,0
/03/2004,NAM,Flood,0,0
02/06/2004,NAM,Flood,0,0
/01/2006,NAM,Flood,0,0
28/02/2006,NAM,Flood,5,8490
10/05/2007,NAM,Flood,7,0
03/03/2008,NAM,Flood,42,0
19/03/2009,NAM,Flood,92,0
24/03/2010,NAM,Flood,8,0
12/04/2011,NAM,Flood,108,12000
24/01/2012,NAM,Flood,0,0
31/03/2013,NAM,Flood,0,0
/01/2014,NAM,Drought,0,64000
/03/2016,NAM,Drought,0,60000
15/01/1934,NPL,Earthquake,9040,0
/08/1954,NPL,Flood,60,0
10/08/1963,NPL,Mass movement (dry),150,0
//1964,NPL,Drought,0,0
27/06/1966,NPL,Earthquake,80,1000
//1967,NPL,Drought,0,0
04/10/1968,NPL,Flood,276,300
15/08/1970,NPL,Flood,350,0
27/09/1970,NPL,Landslide,21,0
07/08/1972,NPL,Landslide,105,0
//1973,NPL,Drought,0,10000
/08/1975,NPL,Landslide,125,0
04/06/1976,NPL,Landslide,150,0
/07/1978,NPL,Flood,130,513
//1980,NPL,Drought,0,0
29/07/1980,NPL,Earthquake,100,245000
13/07/1981,NPL,Flood,100,0
29/09/1981,NPL,Flood,650,0
03/07/1982,NPL,Flood,92,0
/09/1983,NPL,Flood,186,10000
//1983,NPL,Landslide,21,0
/09/1984,NPL,Flood,200,0
/08/1985,NPL,Flood,46,0
20/03/1986,NPL,Storm,1,0
30/05/1986,NPL,Storm,0,3600
/07/1986,NPL,Flood,0,0
06/04/1986,NPL,Flood,22,0
/04/1987,NPL,Extreme temperature ,0,0
//1987,NPL,Storm,0,0
/08/1987,NPL,Flood,188,95490
12/03/1988,NPL,Storm,70,0
/07/1988,NPL,Flood,27,0
20/09/1988,NPL,Landslide,106,0
20/08/1988,NPL,Earthquake,709,60000
12/09/1989,NPL,Landslide,49,0
04/09/1990,NPL,Flood,30,0
/03/1991,NPL,Flood,51,0
/03/1991,NPL,Storm,6,0
/03/1992,NPL,Wildfire,56,6200
23/08/1993,NPL,Flood,1048,200000
08/07/1993,NPL,Landslide,28,0
20/10/1993,NPL,Earthquake,0,0
10/06/1995,NPL,Landslide,85,0
25/07/1995,NPL,Flood,140,1200
11/11/1995,NPL,Landslide,95,0
12/05/1996,NPL,Storm,20,0
12/07/1996,NPL,Flood,768,0
13/09/1996,NPL,Flood,20,0
10/08/1997,NPL,Landslide,20,0
25/08/1998,NPL,Flood,260,22000
31/08/1998,NPL,Flood,50,5000
/03/1999,NPL,Wildfire,32,0
/06/1999,NPL,Flood,170,2000
/06/2000,NPL,Flood,144,6300
/06/2001,NPL,Landslide,144,0
15/08/2002,NPL,Landslide,472,0
/12/2002,NPL,Extreme temperature ,60,0
20/08/2003,NPL,Flood,239,0
/01/2004,NPL,Extreme temperature ,48,0
13/07/2004,NPL,Flood,185,0
27/07/2005,NPL,Flood,0,0
29/09/2005,NPL,Flood,51,0
20/10/2005,NPL,Landslide,18,0
03/08/2006,NPL,Flood,0,0
03/08/2006,NPL,Landslide,10,0
13/09/2006,NPL,Landslide,147,0
//2006,NPL,Drought,0,0
02/10/2007,NPL,Flood,214,2400
/08/2008,NPL,Flood,65,29
29/09/2008,NPL,Flood,50,0
28/07/2009,NPL,Landslide,10,0
12/10/2009,NPL,Flood,87,60000
/01/2010,NPL,Extreme temperature ,18,0
28/07/2009,NPL,Flood,30,0
//2009,NPL,Drought,0,0
25/07/2010,NPL,Flood,12,0
24/08/2010,NPL,Flood,138,0
19/07/2011,NPL,Flood,15,0
/07/2011,NPL,Flood,89,0
18/09/2011,NPL,Earthquake,7,0
15/07/2011,NPL,Landslide,16,0
20/07/2011,NPL,Landslide,13,0
/01/2012,NPL,Extreme temperature ,0,0
19/01/2011,NPL,Extreme temperature ,42,123
07/05/2012,NPL,Flood,72,1000
20/01/2013,NPL,Extreme temperature ,49,0
23/09/2012,NPL,Landslide,11,0
18/07/2013,NPL,Flood,76,0
31/08/2013,NPL,Flood,119,0
18/04/2014,NPL,Landslide,16,0
14/07/2014,NPL,Flood,16,0
22/07/2014,NPL,Flood,8,0
25/08/2014,NPL,Flood,294,0
02/08/2014,NPL,Landslide,156,15000
14/10/2014,NPL,Storm,83,0
25/04/2015,NPL,Earthquake,8831,5174000
12/05/2015,NPL,Earthquake,138,0
11/06/2015,NPL,Landslide,36,0
/08/2015,NPL,Landslide,29,0
02/05/2016,NPL,Wildfire,11,0
27/07/2016,NPL,Flood,138,15000
05/07/2016,NPL,Flood,25,0
23/06/2001,TLS,Flood,1,0
20/06/2003,TLS,Flood,3,0
/01/2004,TLS,Flood,0,0
/03/2006,TLS,Storm,0,0
/07/2007,TLS,Flood,1,0
/01/2008,TLS,Flood,0,0
/03/2007,TLS,Drought,0,0
04/11/2015,TLS,Earthquake,0,4000
/04/2016,TLS,Drought,0,0
15/03/1966,TGO,Storm,0,200
//1971,TGO,Drought,0,500
//1983,TGO,Drought,0,0
//1989,TGO,Drought,0,0
/10/1994,TGO,Flood,0,0
03/07/1995,TGO,Flood,3,0
/09/1995,TGO,Flood,0,0
/10/1998,TGO,Flood,0,0
11/10/1999,TGO,Flood,0,0
28/06/2006,TGO,Flood,0,0
/09/2007,TGO,Flood,41,0
08/08/2008,TGO,Flood,6,0
/07/2009,TGO,Flood,0,0
/10/2010,TGO,Flood,21,0
/10/2010,TGO,Flood,1,0
//1946,TON,Volcanic activity,0,0
16/03/1961,TON,Storm,2,500
12/04/1973,TON,Storm,3,500
23/06/1977,TON,Earthquake,1,1200
27/12/1977,TON,Storm,0,1100
03/03/1982,TON,Storm,6,21200
30/05/1982,TON,Storm,1,1100
04/02/1990,TON,Storm,1,2500
16/03/1997,TON,Storm,0,0
07/01/1998,TON,Storm,0,0
26/12/1998,TON,Storm,0,0
31/12/2001,TON,Storm,0,51300
06/01/2004,TON,Storm,0,0
29/09/2009,TON,Earthquake,9,9500
29/01/2011,TON,Storm,0,3000
11/01/2014,TON,Storm,1,31000
/12/2015,TON,Drought,0,0
02/01/2016,TON,Storm,0,0
19/02/2016,TON,Storm,0,0
07/04/2016,TON,Storm,0,0
27/06/1933,TTO,Storm,13,3000
30/09/1963,TTO,Storm,24,30000
14/08/1974,TTO,Storm,2,5000
25/07/1990,TTO,Storm,0,0
07/07/1993,TTO,Storm,0,57
05/10/1993,TTO,Flood,5,70
17/10/1996,TTO,Flood,0,0
22/02/1997,TTO,Volcanic activity,0,0
22/04/1997,TTO,Earthquake,0,25000
09/09/2004,TTO,Storm,1,1000
12/11/2004,TTO,Landslide,2,0
14/07/2005,TTO,Storm,0,0
/06/2010,TTO,Drought,0,0
20/02/1957,TUN,Earthquake,13,0
/11/1962,TUN,Flood,40,0
30/10/1964,TUN,Flood,44,3000
31/12/1964,TUN,Flood,5,0
/10/1969,TUN,Flood,540,100000
21/03/1973,TUN,Flood,52,5000
/12/1973,TUN,Flood,59,0
//1977,TUN,Drought,0,0
06/03/1979,TUN,Flood,0,0
28/10/1982,TUN,Flood,117,90000
30/09/1986,TUN,Flood,23,0
//1988,TUN,Drought,0,0
01/02/1990,TUN,Flood,37,242800
16/01/2003,TUN,Flood,8,0
18/09/2003,TUN,Flood,4,0
16/10/2007,TUN,Flood,16,0
/04/2007,TUN,Flood,0,0
23/09/2009,TUN,Flood,17,0
29/04/1903,TUR,Earthquake,6000,0
09/08/1912,TUR,Earthquake,923,0
30/03/1928,TUR,Earthquake,50,0
19/04/1938,TUR,Earthquake,149,0
21/11/1939,TUR,Earthquake,43,0
26/12/1939,TUR,Earthquake,32962,20000
22/09/1939,TUR,Earthquake,60,0
20/02/1940,TUR,Earthquake,37,0
20/12/1942,TUR,Earthquake,3000,0
26/11/1942,TUR,Earthquake,4000,0
26/11/1943,TUR,Earthquake,2824,0
01/02/1944,TUR,Earthquake,3959,0
06/10/1944,TUR,Earthquake,27,0
31/05/1946,TUR,Earthquake,839,0
/02/1948,TUR,Flood,200,0
/06/1948,TUR,Flood,132,0
//1948,TUR,Earthquake,260,0
17/08/1949,TUR,Earthquake,437,0
13/08/1951,TUR,Earthquake,54,0
22/10/1952,TUR,Earthquake,18,0
03/01/1952,TUR,Earthquake,62,0
18/03/1953,TUR,Earthquake,1200,0
/08/1956,TUR,Flood,138,0
28/04/1957,TUR,Earthquake,23,0
26/05/1957,TUR,Earthquake,53,0
/09/1957,TUR,Flood,99,0
//1962,TUR,Earthquake,97,0
10/03/1964,TUR,Flood,0,0
08/05/1964,TUR,Storm,0,2200
06/10/1964,TUR,Earthquake,23,5000
03/07/1966,TUR,Earthquake,14,0
19/08/1966,TUR,Earthquake,2394,20000
22/07/1967,TUR,Earthquake,183,3000
03/09/1968,TUR,Earthquake,29,0
28/12/1968,TUR,Flood,147,0
28/03/1969,TUR,Earthquake,41,0
28/03/1970,TUR,Earthquake,1086,55600
02/05/1971,TUR,Earthquake,57,0
22/05/1971,TUR,Earthquake,878,5000
04/02/1972,TUR,Storm,30,0
19/11/1974,TUR,Flood,33,0
06/09/1975,TUR,Earthquake,2385,17000
25/03/1976,TUR,Earthquake,2,0
19/08/1976,TUR,Earthquake,4,0
24/11/1976,TUR,Earthquake,3840,25000
12/09/1976,TUR,Landslide,40,0
/02/1976,TUR,Landslide,27,0
26/03/1977,TUR,Earthquake,30,0
15/02/1978,TUR,Earthquake,0,0
/03/1980,TUR,Flood,75,15000
27/03/1980,TUR,Landslide,40,0
17/12/1981,TUR,Flood,10,0
30/10/1983,TUR,Earthquake,1346,25000
18/09/1984,TUR,Earthquake,3,0
/05/1984,TUR,Flood,0,0
18/10/1984,TUR,Earthquake,3,0
07/11/1985,TUR,Earthquake,0,0
12/08/1985,TUR,Earthquake,0,0
06/09/1985,TUR,Wildfire,13,0
05/05/1986,TUR,Earthquake,15,0
11/10/1986,TUR,Earthquake,0,0
/03/1987,TUR,Extreme temperature ,30,0
23/06/1988,TUR,Landslide,64,0
13/06/1988,TUR,Flood,13,0
21/06/1990,TUR,Flood,51,150000
19/02/1990,TUR,Flood,18,0
08/12/1991,TUR,Storm,1,0
17/05/1991,TUR,Flood,42,25000
07/02/1992,TUR,Mass movement (dry),261,0
13/03/1992,TUR,Earthquake,653,750000
18/01/1993,TUR,Landslide,135,0
14/02/1994,TUR,Extreme temperature ,0,0
19/10/1994,TUR,Storm,30,0
02/05/1995,TUR,Flood,0,23500
13/07/1995,TUR,Landslide,74,26000
01/10/1995,TUR,Earthquake,94,205800
08/11/1995,TUR,Flood,63,50000
31/07/1996,TUR,Wildfire,0,0
14/08/1996,TUR,Earthquake,0,30000
23/05/1998,TUR,Flood,10,1000000
12/06/1998,TUR,Flood,22,0
28/06/1998,TUR,Earthquake,145,550000
04/07/1998,TUR,Earthquake,0,0
11/08/1998,TUR,Flood,60,0
14/12/1998,TUR,Earthquake,2,0
17/08/1999,TUR,Earthquake,17127,20000000
13/09/1999,TUR,Earthquake,6,0
05/10/1999,TUR,Earthquake,0,0
31/08/1999,TUR,Earthquake,1,0
11/11/1999,TUR,Earthquake,3,0
12/11/1999,TUR,Earthquake,845,1000000
05/04/2000,TUR,Wildfire,0,0
07/05/2000,TUR,Earthquake,1,0
27/05/2000,TUR,Flood,2,40000
06/06/2000,TUR,Earthquake,2,0
/07/2000,TUR,Extreme temperature ,11,1000
/07/2000,TUR,Wildfire,0,0
08/03/2001,TUR,Flood,4,0
08/05/2001,TUR,Flood,3,0
25/06/2001,TUR,Earthquake,0,0
10/11/2001,TUR,Landslide,9,0
09/12/2001,TUR,Flood,5,25000
17/12/2001,TUR,Extreme temperature ,29,0
10/07/2001,TUR,Earthquake,0,0
03/02/2002,TUR,Earthquake,42,95000
27/07/2002,TUR,Flood,34,0
20/12/2002,TUR,Storm,10,0
27/01/2003,TUR,Earthquake,1,0
01/05/2003,TUR,Earthquake,177,135000
26/12/2003,TUR,Flood,8,0
26/07/2003,TUR,Earthquake,0,0
10/04/2003,TUR,Earthquake,0,0
10/01/2004,TUR,Extreme temperature ,10,0
25/01/2004,TUR,Storm,8,0
09/03/2004,TUR,Flood,15,0
25/03/2004,TUR,Earthquake,9,0
28/03/2004,TUR,Earthquake,0,0
16/05/2004,TUR,Flood,6,0
19/06/2004,TUR,Storm,3,0
01/07/2004,TUR,Earthquake,18,0
17/08/2004,TUR,Flood,2,0
22/11/2004,TUR,Storm,14,0
01/04/2005,TUR,Storm,2,0
25/01/2005,TUR,Earthquake,2,0
17/03/2005,TUR,Landslide,15,0
14/03/2005,TUR,Earthquake,0,0
06/06/2005,TUR,Earthquake,0,0
04/07/2005,TUR,Flood,0,0
03/08/2005,TUR,Flood,7,0
06/02/2006,TUR,Extreme temperature ,17,0
03/07/2006,TUR,Flood,12,0
07/11/2006,TUR,Flood,47,317000
01/06/2007,TUR,Flood,13,0
/06/2007,TUR,Extreme temperature ,3,0
03/08/2007,TUR,Flood,2,0
21/11/2007,TUR,Flood,1,0
05/08/2008,TUR,Wildfire,2,0
25/01/2009,TUR,Landslide,11,0
16/07/2009,TUR,Flood,7,0
10/09/2009,TUR,Flood,40,550000
22/11/2009,TUR,Landslide,4,0
08/03/2010,TUR,Earthquake,51,0
27/08/2010,TUR,Landslide,13,0
19/05/2011,TUR,Earthquake,3,244000
11/10/2011,TUR,Flood,8,0
23/10/2011,TUR,Earthquake,604,1500000
09/11/2011,TUR,Earthquake,40,0
04/07/2012,TUR,Flood,13,0
28/01/2013,TUR,Landslide,7,0
24/05/2014,TUR,Earthquake,0,0
02/02/2015,TUR,Flood,8,0
25/08/2015,TUR,Flood,9,0
/01/1993,TKM,Flood,0,99870
06/12/2000,TKM,Earthquake,11,0
19/11/1992,UKR,Storm,0,1600
12/08/1993,UKR,Flood,4,80000
24/12/1993,UKR,Flood,5,159000
29/06/1995,UKR,Flood,0,0
10/04/1996,UKR,Flood,0,0
09/08/1997,UKR,Flood,0,17000
24/06/1997,UKR,Storm,11,34000
08/11/1998,UKR,Flood,18,1259
11/05/2000,UKR,Extreme temperature ,0,85000
05/07/2000,UKR,Storm,2,0
25/07/2000,UKR,Storm,4,0
27/11/2000,UKR,Storm,4,120000
17/03/2001,UKR,Flood,9,15000
12/03/2003,UKR,Flood,0,0
28/02/2005,UKR,Flood,0,0
06/02/2006,UKR,Extreme temperature ,801,0
24/05/2006,UKR,Flood,0,0
03/07/2006,UKR,Flood,2,23855
18/01/2007,UKR,Storm,0,100000
24/07/2007,UKR,Storm,0,0
27/07/2008,UKR,Flood,38,1000000
/01/2009,UKR,Extreme temperature ,5,0
21/12/2009,UKR,Extreme temperature ,27,0
02/07/2010,UKR,Flood,6,1900
/02/2012,UKR,Extreme temperature ,112,0
31/12/2012,UKR,Extreme temperature ,83,0
31/07/2012,UKR,Drought,0,1690000
15/09/2013,UKR,Flood,2,21000
12/01/2016,UKR,Extreme temperature ,37,0
16/10/2016,UKR,Flood,3,0
15/08/1952,GBR,Flood,34,0
04/12/1952,GBR,Fog,4000,0
21/10/1966,GBR,Landslide,140,0
14/01/1968,GBR,Storm,20,2500
/11/1972,GBR,Storm,0,0
/01/1976,GBR,Storm,0,0
/11/1977,GBR,Flood,6,1000
21/09/1981,GBR,Storm,12,0
/02/1983,GBR,Storm,5,0
24/01/1984,GBR,Storm,22,81500
20/10/1986,GBR,Storm,0,0
15/10/1987,GBR,Storm,20,1565000
26/02/1989,GBR,Storm,13,0
09/12/1990,GBR,Storm,0,0
02/04/1990,GBR,Earthquake,0,0
26/01/1990,GBR,Storm,47,3400000
04/02/1990,GBR,Storm,0,10000
08/02/1990,GBR,Storm,0,60000
12/02/1990,GBR,Storm,0,70000
27/02/1990,GBR,Storm,18,900000
01/03/1990,GBR,Storm,18,350000
06/01/1991,GBR,Storm,48,900000
14/02/1991,GBR,Extreme temperature ,0,0
23/01/1993,GBR,Flood,0,37000
31/12/1993,GBR,Flood,4,150000
12/01/1994,GBR,Flood,3,90000
12/12/1994,GBR,Flood,4,146000
31/12/1995,GBR,Storm,9,650000
30/10/1996,GBR,Storm,5,300000
04/12/1997,GBR,Extreme temperature ,14,0
02/07/1997,GBR,Flood,1,98400
13/08/1997,GBR,Flood,0,150000
06/01/1998,GBR,Storm,15,500000
25/12/1998,GBR,Storm,8,200000
10/04/1998,GBR,Flood,5,500000
24/10/1998,GBR,Storm,12,665400
13/03/1999,GBR,Flood,0,32680
27/12/1999,GBR,Storm,8,100000
05/12/1999,GBR,Storm,3,1000
27/04/2000,GBR,Flood,0,0
/06/2000,GBR,Flood,0,18150
14/10/2000,GBR,Flood,0,5900000
29/10/2000,GBR,Storm,12,1500000
/12/2000,GBR,Storm,4,0
27/12/2000,GBR,Storm,0,0
09/02/2001,GBR,Flood,0,0
23/10/2001,GBR,Flood,0,0
29/01/2002,GBR,Storm,7,50
20/07/2002,GBR,Flood,1,0
12/08/2002,GBR,Flood,0,0
28/10/2002,GBR,Storm,7,400000
25/11/2002,GBR,Flood,0,0
/07/2003,GBR,Extreme temperature ,301,0
17/08/2004,GBR,Flood,0,96000
08/01/2005,GBR,Storm,3,650000
27/11/2005,GBR,Extreme temperature ,0,0
30/12/2005,GBR,Extreme temperature ,1,0
12/01/2005,GBR,Storm,7,50000
18/01/2007,GBR,Storm,13,1200000
21/06/2007,GBR,Flood,1,448000
03/07/2007,GBR,Flood,6,4000000
24/07/2007,GBR,Flood,7,4000000
28/04/2007,GBR,Earthquake,0,60000
26/01/2008,GBR,Flood,0,0
10/03/2008,GBR,Storm,0,0
08/09/2008,GBR,Flood,8,50000
22/11/2009,GBR,Flood,3,484000
04/12/2009,GBR,Storm,2,0
23/12/2009,GBR,Extreme temperature ,3,0
28/02/2010,GBR,Storm,0,500
01/12/2010,GBR,Extreme temperature ,0,0
27/09/2012,GBR,Flood,3,81000
23/12/2012,GBR,Flood,0,0
11/06/2012,GBR,Flood,0,450000
24/06/2012,GBR,Flood,1,785000
18/12/2012,GBR,Flood,4,1630000
28/10/2013,GBR,Storm,4,0
07/12/2013,GBR,Storm,2,0
26/12/2013,GBR,Storm,5,0
/07/2013,GBR,Extreme temperature ,760,0
/01/2014,GBR,Flood,2,1500000
/02/2014,GBR,Flood,0,624000
15/02/2014,GBR,Storm,5,100000
06/12/2015,GBR,Storm,3,1200000
26/12/2015,GBR,Flood,0,1200000
08/09/1900,USA,Storm,6000,30000
//1903,USA,Flood,0,480000
//1903,USA,Flood,250,0
//1903,USA,Storm,98,0
//1906,USA,Storm,164,0
//1906,USA,Storm,134,0
18/04/1906,USA,Earthquake,2000,524000
//1909,USA,Storm,350,0
//1909,USA,Storm,41,0
22/09/1909,USA,Flood,72,0
//1910,USA,Storm,30,0
/03/1913,USA,Storm,732,200000
22/06/1915,USA,Earthquake,6,1000
/08/1915,USA,Storm,525,60000
//1918,USA,Storm,34,0
15/10/1918,USA,Wildfire,1000,100000
11/10/1918,USA,Earthquake,116,29000
/09/1919,USA,Storm,500,25000
20/04/1920,USA,Storm,224,0
18/03/1925,USA,Storm,739,18000
29/06/1925,USA,Earthquake,13,8000
//1926,USA,Storm,25,0
/09/1926,USA,Storm,243,73000
/04/1927,USA,Flood,246,230
/09/1927,USA,Storm,87,22000
/09/1928,USA,Storm,1836,25000
//1932,USA,Storm,40,0
21/03/1932,USA,Storm,332,0
//1933,USA,Storm,40,0
11/03/1933,USA,Earthquake,116,38500
//1937,USA,Drought,0,0
/09/1935,USA,Storm,408,6000
/03/1936,USA,Flood,200,0
05/04/1936,USA,Storm,455,21000
/07/1936,USA,Extreme temperature ,1193,0
/01/1937,USA,Flood,137,438000
02/03/1938,USA,Landslide,200,0
/09/1938,USA,Storm,600,306000
//1940,USA,Storm,50,0
19/05/1940,USA,Earthquake,9,33000
//1943,USA,Flood,0,900000
/09/1944,USA,Storm,390,100000
20/10/1944,USA,Wildfire,121,0
/02/1945,USA,Storm,43,0
/04/1945,USA,Storm,119,0
/11/1945,USA,Storm,34,0
01/04/1946,USA,Earthquake,165,25000
/01/1946,USA,Storm,33,0
/09/1947,USA,Storm,51,100000
/10/1947,USA,Wildfire,0,30000
/04/1947,USA,Storm,167,0
/06/1947,USA,Storm,35,0
/12/1947,USA,Storm,55,0
/03/1948,USA,Storm,42,0
/05/1948,USA,Flood,55,0
13/04/1949,USA,Earthquake,8,80000
/01/1949,USA,Storm,59,0
/03/1949,USA,Storm,28,0
/11/1950,USA,Storm,200,100000
/01/1950,USA,Storm,34,0
/02/1950,USA,Storm,38,0
/06/1950,USA,Flood,33,0
/01/1951,USA,Extreme temperature ,25,100000
/07/1951,USA,Flood,41,1029000
/08/1951,USA,Extreme temperature ,44,0
21/03/1952,USA,Storm,229,0
21/07/1952,USA,Earthquake,14,50000
22/08/1952,USA,Earthquake,2,30000
/02/1952,USA,Storm,50,0
04/11/1952,USA,Earthquake,0,900
/06/1953,USA,Storm,92,52000
/01/1953,USA,Storm,30,0
/04/1953,USA,Storm,41,0
/05/1953,USA,Storm,125,0
/06/1953,USA,Storm,142,0
/12/1953,USA,Storm,38,0
/08/1954,USA,Storm,60,450000
/10/1954,USA,Storm,95,281000
/09/1954,USA,Storm,68,0
//1955,USA,Storm,25,0
16/08/1955,USA,Storm,184,832000
/02/1955,USA,Storm,31,0
/05/1955,USA,Storm,125,0
07/09/1955,USA,Extreme temperature ,107,0
/12/1955,USA,Flood,74,0
25/11/1956,USA,Wildfire,11,0
/03/1956,USA,Storm,162,0
/04/1956,USA,Storm,45,0
/12/1956,USA,Storm,25,0
26/06/1957,USA,Storm,390,150000
/03/1957,USA,Storm,40,0
/05/1957,USA,Storm,39,0
//1958,USA,Extreme temperature ,0,520000
/03/1958,USA,Storm,56,0
/06/1958,USA,Storm,30,0
/11/1958,USA,Storm,53,0
18/08/1959,USA,Earthquake,28,26000
/01/1959,USA,Storm,71,0
23/05/1960,USA,Earthquake,61,0
09/09/1960,USA,Storm,50,387000
11/09/1961,USA,Storm,46,408000
/02/1961,USA,Storm,100,0
06/03/1962,USA,Storm,33,200000
12/10/1962,USA,Storm,13,150000
/12/1962,USA,Storm,112,0
/01/1963,USA,Storm,26,0
/01/1963,USA,Extreme temperature ,150,0
//1963,USA,Storm,203,0
/10/1964,USA,Storm,38,0
28/03/1964,USA,Earthquake,131,1020000
09/09/1964,USA,Storm,5,250000
/12/1964,USA,Flood,45,820000
/01/1964,USA,Storm,140,0
/06/1964,USA,Flood,64,0
11/04/1965,USA,Storm,271,190000
29/04/1965,USA,Earthquake,7,28000
07/09/1965,USA,Storm,299,1420000
08/06/1966,USA,Storm,26,100000
/07/1966,USA,Extreme temperature ,80,0
09/07/1966,USA,Extreme temperature ,182,0
/01/1966,USA,Storm,166,0
/03/1966,USA,Storm,61,0
/11/1966,USA,Storm,37,0
19/09/1967,USA,Storm,15,200000
/01/1967,USA,Storm,80,0
/02/1967,USA,Storm,74,0
/04/1967,USA,Storm,56,0
/12/1967,USA,Storm,50,0
//1968,USA,Storm,34,8000
/01/1968,USA,Storm,55,0
/05/1968,USA,Storm,70,0
/01/1969,USA,Flood,115,400000
17/08/1969,USA,Storm,323,1420000
/01/1969,USA,Storm,100,0
/01/1969,USA,Storm,31,0
/02/1969,USA,Storm,166,0
/02/1969,USA,Storm,54,0
/07/1969,USA,Storm,41,0
11/05/1970,USA,Storm,26,147000
03/08/1970,USA,Storm,11,450000
/09/1970,USA,Wildfire,0,100000
09/02/1971,USA,Earthquake,65,535000
/01/1971,USA,Storm,37,0
/02/1971,USA,Storm,121,0
//1972,USA,Landslide,400,0
18/06/1972,USA,Storm,122,2100000
09/06/1972,USA,Flood,237,120000
22/07/1972,USA,Extreme temperature ,10,0
/06/1972,USA,Storm,134,0
//1973,USA,Storm,2,50000
/04/1973,USA,Flood,23,500000
31/08/1973,USA,Extreme temperature ,22,0
/03/1973,USA,Flood,33,0
/05/1973,USA,Storm,48,0
05/04/1974,USA,Storm,322,1000000
/06/1974,USA,Storm,30,0
06/05/1975,USA,Storm,3,0
16/09/1975,USA,Storm,21,550000
/01/1975,USA,Storm,50,0
/04/1975,USA,Storm,28,0
31/07/1976,USA,Flood,139,41000
//1977,USA,Extreme temperature ,0,2800000
22/07/1977,USA,Flood,76,200000
12/09/1977,USA,Flood,25,0
/01/1977,USA,Storm,51,0
/04/1977,USA,Storm,40,0
/11/1977,USA,Flood,39,0
05/02/1978,USA,Storm,65,100000
/01/1978,USA,Storm,100,0
/02/1978,USA,Storm,25,0
/03/1978,USA,Storm,25,0
/08/1978,USA,Flood,27,0
10/04/1979,USA,Storm,48,550000
12/09/1979,USA,Storm,31,2300000
10/04/1979,USA,Storm,7,13000
/01/1979,USA,Storm,100,0
18/05/1980,USA,Volcanic activity,90,860000
/09/1980,USA,Extreme temperature ,1260,2000000
09/08/1980,USA,Storm,0,860000
27/07/1980,USA,Earthquake,0,0
24/11/1980,USA,Flood,0,0
17/02/1980,USA,Flood,0,0
19/02/1980,USA,Flood,36,350000
13/05/1980,USA,Storm,7,30000
04/06/1980,USA,Storm,5,20000
09/05/1981,USA,Storm,20,400000
23/06/1981,USA,Storm,0,461000
03/05/1981,USA,Storm,10,0
//1981,USA,Flood,30,0
/01/1982,USA,Storm,270,1000000
//1982,USA,Flood,11,0
02/04/1982,USA,Storm,73,500000
23/11/1982,USA,Storm,3,230000
03/01/1982,USA,Flood,0,33900
04/03/1982,USA,Storm,8,40000
05/04/1982,USA,Storm,33,0
07/05/1982,USA,Storm,20,100000
03/09/1982,USA,Storm,0,42000
09/11/1982,USA,Storm,11,0
/12/1982,USA,Storm,20,0
25/12/1982,USA,Storm,28,200000
/01/1982,USA,Storm,37,0
//1983,USA,Storm,19,525000
17/08/1983,USA,Storm,21,3000000
17/12/1983,USA,Storm,0,1000000
02/05/1983,USA,Earthquake,0,31000
16/11/1983,USA,Earthquake,0,6250
/04/1983,USA,Flood,0,300000
03/10/1983,USA,Flood,10,100000
/03/1983,USA,Storm,5,130000
/05/1983,USA,Storm,31,0
12/11/1983,USA,Storm,56,0
/07/1983,USA,Extreme temperature ,188,0
28/10/1983,USA,Earthquake,2,15000
27/03/1984,USA,Storm,80,728600
13/06/1984,USA,Storm,0,600000
/04/1984,USA,Flood,0,35000
/01/1984,USA,Storm,328,1000000
06/01/1984,USA,Storm,0,30000
21/04/1984,USA,Storm,11,20000
/06/1984,USA,Storm,9,17000
11/09/1984,USA,Storm,0,35000
10/11/1984,USA,Storm,0,115000
/02/1984,USA,Storm,33,0
/02/1984,USA,Storm,29,0
/03/1984,USA,Storm,27,0
//1984,USA,Flood,10,0
/06/1984,USA,Flood,18,30000
30/03/1985,USA,Flood,0,0
11/04/1985,USA,Flood,1,0
24/04/1985,USA,Flood,0,400
//1985,USA,Storm,5,0
01/06/1985,USA,Storm,104,231600
30/08/1985,USA,Storm,4,1100000
27/09/1985,USA,Storm,11,900000
27/10/1985,USA,Storm,12,1500000
/02/1985,USA,Flood,7,12100
03/03/1985,USA,Flood,4,0
/11/1985,USA,Storm,33,0
/11/1985,USA,Storm,49,340000
/01/1985,USA,Storm,145,800000
/04/1985,USA,Storm,0,200000
23/06/1985,USA,Storm,0,10000
13/02/1986,USA,Flood,13,0
13/07/1986,USA,Earthquake,0,720
/10/1986,USA,Flood,0,0
/08/1986,USA,Extreme temperature ,48,1750000
05/02/1986,USA,Storm,0,40000
04/04/1986,USA,Storm,1,30000
//1986,USA,Flood,0,25000
22/05/1987,USA,Storm,29,5000
01/10/1987,USA,Earthquake,8,213000
24/11/1987,USA,Earthquake,0,4000
/07/1987,USA,Extreme temperature ,80,0
13/12/1987,USA,Storm,61,115000
04/01/1987,USA,Storm,19,16000
23/07/1987,USA,Storm,0,58000
07/09/1987,USA,Storm,0,10000
20/01/1987,USA,Storm,35,0
27/02/1987,USA,Storm,7,0
23/06/1987,USA,Storm,0,0
05/01/1988,USA,Storm,26,0
17/01/1988,USA,Storm,0,0
16/02/1988,USA,Storm,0,0
02/03/1988,USA,Storm,0,0
28/03/1988,USA,Flood,0,0
05/04/1988,USA,Flood,0,0
25/04/1988,USA,Storm,0,0
06/05/1988,USA,Storm,1,0
15/05/1988,USA,Storm,0,0
19/05/1988,USA,Storm,0,0
23/05/1988,USA,Storm,0,0
30/05/1988,USA,Flood,0,0
02/06/1988,USA,Storm,0,0
09/06/1988,USA,Storm,0,0
15/07/1988,USA,Storm,0,0
15/11/1988,USA,Storm,0,0
22/11/1988,USA,Storm,0,0
25/11/1988,USA,Storm,0,0
07/12/1988,USA,Storm,0,0
14/12/1988,USA,Storm,0,0
28/12/1988,USA,Storm,0,0
/06/1988,USA,Drought,0,0
25/09/1989,USA,Storm,51,7000000
18/10/1989,USA,Earthquake,62,5600000
26/06/1989,USA,Earthquake,5,0
06/05/1989,USA,Storm,23,380000
15/11/1989,USA,Storm,27,0
03/04/1989,USA,Storm,0,0
25/04/1989,USA,Storm,0,0
28/04/1989,USA,Storm,0,0
24/05/1989,USA,Storm,0,0
06/06/1989,USA,Storm,5,0
14/06/1989,USA,Storm,0,0
25/06/1989,USA,Storm,0,500000
02/07/1989,USA,Storm,0,0
10/07/1989,USA,Storm,0,0
02/08/1989,USA,Storm,0,0
12/09/1989,USA,Storm,0,0
15/10/1989,USA,Storm,2,0
21/11/1989,USA,Storm,0,0
21/12/1989,USA,Extreme temperature ,84,0
21/06/1990,USA,Flood,35,0
28/02/1990,USA,Earthquake,0,12700
20/12/1990,USA,Extreme temperature ,0,40000
17/03/1990,USA,Storm,15,100000
05/04/1990,USA,Storm,0,0
17/04/1990,USA,Storm,0,0
28/04/1990,USA,Storm,0,0
09/05/1990,USA,Storm,13,500000
17/05/1990,USA,Storm,0,0
21/05/1990,USA,Storm,0,0
03/06/1990,USA,Storm,10,0
08/06/1990,USA,Storm,0,0
14/06/1990,USA,Storm,21,0
25/06/1990,USA,Extreme temperature ,11,0
11/07/1990,USA,Storm,0,0
28/08/1990,USA,Storm,24,0
18/10/1990,USA,Storm,0,0
27/11/1990,USA,Storm,0,35000
18/12/1990,USA,Storm,79,0
30/03/1990,USA,Earthquake,0,0
11/01/1990,USA,Flood,3,45000
27/01/1990,USA,Flood,0,0
02/06/1990,USA,Flood,0,0
28/06/1991,USA,Earthquake,2,33500
20/08/1991,USA,Storm,18,1500000
15/12/1991,USA,Storm,17,30000
30/11/1991,USA,Storm,15,0
30/10/1991,USA,Storm,2,0
17/10/1991,USA,Wildfire,2,0
22/10/1991,USA,Wildfire,26,2500000
19/02/1991,USA,Storm,0,0
28/02/1991,USA,Storm,0,0
04/03/1991,USA,Storm,0,0
02/03/1991,USA,Flood,0,0
11/03/1991,USA,Storm,0,30000
21/03/1991,USA,Flood,0,0
26/03/1991,USA,Flood,0,0
28/03/1991,USA,Flood,0,0
08/04/1991,USA,Flood,0,0
11/04/1991,USA,Flood,0,0
18/04/1991,USA,Flood,0,0
24/04/1991,USA,Flood,0,0
29/04/1991,USA,Storm,33,1000000
02/05/1991,USA,Flood,0,0
10/05/1991,USA,Flood,0,0
15/05/1991,USA,Flood,0,0
21/05/1991,USA,Flood,0,0
23/05/1991,USA,Flood,0,0
30/05/1991,USA,Storm,0,0
17/06/1991,USA,Storm,0,0
21/06/1991,USA,Storm,0,0
24/06/1991,USA,Storm,0,0
07/07/1991,USA,Storm,0,0
02/10/1991,USA,Storm,0,0
29/10/1991,USA,Storm,2,0
16/11/1991,USA,Storm,0,0
10/01/1992,USA,Flood,15,850000
/07/1991,USA,Drought,0,1000000
/07/1991,USA,Drought,0,335000
24/08/1992,USA,Storm,44,26500000
07/01/1992,USA,Storm,0,0
25/04/1992,USA,Earthquake,0,75000
09/02/1992,USA,Storm,8,0
03/03/1992,USA,Storm,0,0
08/03/1992,USA,Storm,0,0
24/03/1992,USA,Storm,0,0
10/04/1992,USA,Storm,0,0
19/04/1992,USA,Storm,0,0
28/04/1992,USA,Storm,0,0
10/05/1992,USA,Storm,0,0
22/05/1992,USA,Storm,0,0
14/06/1992,USA,Storm,0,0
14/06/1992,USA,Storm,0,0
19/06/1992,USA,Storm,0,0
24/06/1992,USA,Storm,0,0
28/06/1992,USA,Earthquake,1,100000
02/07/1992,USA,Storm,0,0
05/07/1992,USA,Storm,0,0
06/07/1992,USA,Storm,0,0
17/08/1992,USA,Wildfire,0,85000
05/09/1992,USA,Storm,0,0
12/09/1992,USA,Storm,4,5000000
03/10/1992,USA,Storm,0,0
15/10/1992,USA,Storm,0,0
12/11/1992,USA,Storm,0,0
21/11/1992,USA,Storm,27,0
/12/1992,USA,Storm,0,0
07/12/1992,USA,Storm,0,0
13/12/1992,USA,Storm,12,3000000
29/09/1992,USA,Wildfire,0,90000
22/04/1992,USA,Earthquake,0,100000
23/08/1993,USA,Flood,48,12000000
20/01/1993,USA,Flood,5,0
12/01/1993,USA,Storm,0,0
28/02/1993,USA,Flood,0,190000
12/03/1993,USA,Flood,2,0
25/04/1993,USA,Storm,7,125000
06/08/1993,USA,Storm,4,0
28/08/1993,USA,Storm,1,0
20/01/1993,USA,Flood,43,100000
21/01/1993,USA,Flood,0,0
21/02/1993,USA,Storm,3,0
04/03/1993,USA,Storm,0,0
12/03/1993,USA,Storm,270,5000000
25/03/1993,USA,Storm,0,0
28/03/1993,USA,Storm,0,0
05/04/1993,USA,Storm,0,0
19/04/1993,USA,Storm,0,0
29/04/1993,USA,Storm,0,0
/05/1993,USA,Storm,0,0
05/05/1993,USA,Storm,3,0
/06/1993,USA,Extreme temperature ,48,0
02/06/1993,USA,Storm,0,0
09/06/1993,USA,Storm,3,0
28/07/1993,USA,Storm,0,0
04/08/1993,USA,Storm,0,0
21/09/1993,USA,Storm,0,0
12/10/1993,USA,Storm,0,0
03/11/1993,USA,Wildfire,3,1000000
21/09/1993,USA,Earthquake,2,7500
17/01/1994,USA,Earthquake,60,30000000
26/03/1994,USA,Storm,44,0
20/01/1994,USA,Storm,69,0
20/02/1994,USA,Landslide,0,0
15/04/1994,USA,Storm,3,0
26/04/1994,USA,Storm,3,100000
27/06/1994,USA,Storm,2,0
27/06/1994,USA,Wildfire,0,2000
/07/1994,USA,Storm,32,250000
06/07/1994,USA,Wildfire,13,0
06/08/1994,USA,Wildfire,0,0
07/10/1994,USA,Storm,0,0
23/10/1994,USA,Flood,37,700000
18/11/1994,USA,Storm,6,500000
26/12/1994,USA,Earthquake,0,2100
12/02/1994,USA,Storm,6,0
10/01/1995,USA,Storm,20,845000
20/03/1995,USA,Storm,33,2000000
13/05/1995,USA,Flood,6,3000000
08/05/1995,USA,Flood,0,0
06/05/1995,USA,Storm,18,2000000
19/05/1995,USA,Storm,5,3000000
02/07/1995,USA,Flood,8,125000
14/07/1995,USA,Extreme temperature ,670,0
19/09/1995,USA,Storm,8,2100000
08/10/1995,USA,Storm,19,3000000
09/12/1995,USA,Extreme temperature ,40,0
07/05/1995,USA,Storm,27,0
06/08/1995,USA,Storm,11,700000
10/12/1995,USA,Flood,2,100000
16/10/1995,USA,Flood,0,10000
01/06/1995,USA,Flood,3,10000
25/05/1995,USA,Storm,3,0
13/12/1995,USA,Storm,6,0
21/01/1996,USA,Flood,35,700000
13/02/1996,USA,Flood,7,500000
11/09/1996,USA,Storm,39,3400000
20/10/1996,USA,Storm,0,0
19/10/1996,USA,Wildfire,0,8500
25/11/1996,USA,Storm,19,0
03/01/1997,USA,Flood,28,1500000
06/01/1996,USA,Storm,32,0
12/01/1996,USA,Storm,120,0
31/01/1996,USA,Storm,59,0
24/02/1996,USA,Wildfire,1,0
05/03/1996,USA,Storm,6,0
19/04/1996,USA,Storm,6,0
27/04/1996,USA,Storm,6,0
21/07/1996,USA,Flood,2,20000
07/02/1997,USA,Flood,20,1500000
03/03/1997,USA,Storm,70,500000
08/03/1997,USA,Flood,31,500000
07/05/1997,USA,Flood,3,5000000
27/05/1997,USA,Storm,28,180000
13/06/1997,USA,Flood,2,0
12/08/1997,USA,Flood,11,0
09/08/1997,USA,Wildfire,0,2500
21/08/1997,USA,Flood,0,0
14/09/1997,USA,Wildfire,0,0
30/12/1997,USA,Storm,0,0
04/01/1997,USA,Storm,31,2000
24/01/1997,USA,Storm,1,0
25/01/1997,USA,Flood,0,245000
27/02/1997,USA,Storm,0,0
13/03/1997,USA,Storm,0,0
23/03/1997,USA,Storm,0,0
31/03/1997,USA,Storm,0,0
10/04/1997,USA,Storm,0,50000
21/04/1997,USA,Storm,4,250000
30/04/1997,USA,Storm,0,0
02/05/1997,USA,Storm,0,150000
17/05/1997,USA,Storm,0,200000
20/06/1997,USA,Storm,0,0
/07/1997,USA,Storm,16,0
24/07/1997,USA,Storm,0,0
01/08/1997,USA,Flood,5,100000
11/08/1997,USA,Storm,5,150000
15/08/1997,USA,Storm,0,200000
25/10/1997,USA,Storm,16,0
/11/1997,USA,Storm,0,60000
05/12/1997,USA,Storm,0,0
06/04/1997,USA,Storm,9,500000
08/01/1998,USA,Flood,7,0
12/01/1998,USA,Storm,16,1400000
23/02/1998,USA,Storm,42,150000
03/02/1998,USA,Storm,10,100000
10/02/1998,USA,Storm,0,62500
13/03/1998,USA,Flood,11,270000
09/03/1998,USA,Storm,14,62500
03/04/1998,USA,Storm,1,0
09/04/1998,USA,Storm,43,200500
16/05/1998,USA,Storm,1,2000500
01/06/1998,USA,Storm,18,1000000
05/07/1998,USA,Wildfire,1,276000
01/07/1998,USA,Flood,11,469000
29/06/1998,USA,Flood,0,0
20/07/1998,USA,Extreme temperature ,130,4275000
21/07/1998,USA,Storm,0,0
07/08/1998,USA,Flood,0,60000
24/08/1998,USA,Storm,7,0
31/08/1998,USA,Wildfire,0,4500
04/10/1998,USA,Storm,9,50000
05/10/1998,USA,Wildfire,1,600
19/10/1998,USA,Storm,13,1000000
20/10/1998,USA,Wildfire,0,0
03/11/1998,USA,Storm,1,2000
29/09/1998,USA,Storm,4,1204950
28/12/1998,USA,Storm,10,370000
17/04/1998,USA,Storm,4,450500
11/11/1998,USA,Storm,7,0
06/08/1998,USA,Flood,2,62500
17/06/1998,USA,Flood,0,200500
30/08/1998,USA,Storm,2,1500000
13/09/1998,USA,Storm,1,500000
04/01/1999,USA,Storm,48,1000000
22/01/1999,USA,Storm,18,200500
04/03/1999,USA,Storm,3,0
19/03/1999,USA,Wildfire,1,0
04/04/1999,USA,Storm,10,300000
10/04/1999,USA,Storm,9,450000
15/04/1999,USA,Storm,1,100000
15/04/1999,USA,Storm,0,0
15/04/1999,USA,Wildfire,0,0
07/05/1999,USA,Storm,49,2760000
16/05/1999,USA,Storm,2,200500
/08/1999,USA,Extreme temperature ,257,1000000
11/08/1999,USA,Storm,1,150000
24/08/1999,USA,Wildfire,0,92000
23/08/1999,USA,Storm,3,70000
17/09/1999,USA,Storm,70,7000000
15/10/1999,USA,Storm,6,100000
05/05/1999,USA,Storm,4,7000
07/09/1999,USA,Storm,3,62500
26/04/1999,USA,Storm,0,200000
28/11/1999,USA,Flood,0,300
//1999,USA,Drought,0,1100000
4/01/2000,USA,Storm,1,210000
14/02/2000,USA,Storm,22,0
22/02/2000,USA,Flood,3,0
26/02/2000,USA,Wildfire,0,0
28/03/2000,USA,Storm,5,450000
09/05/2000,USA,Flood,2,0
/09/2000,USA,Wildfire,0,1500000
09/05/2000,USA,Flood,1,0
14/05/2000,USA,Wildfire,0,0
19/05/2000,USA,Flood,0,0
23/05/2000,USA,Flood,2,100000
26/05/2000,USA,Storm,0,28500
23/05/2000,USA,Storm,0,0
12/06/2000,USA,Wildfire,0,0
27/06/2000,USA,Wildfire,0,0
/07/2000,USA,Extreme temperature ,35,0
/07/2000,USA,Wildfire,0,0
25/07/2000,USA,Storm,1,8100
/08/2000,USA,Wildfire,14,1000000
14/08/2000,USA,Flood,0,166000
30/07/2000,USA,Flood,0,0
03/09/2000,USA,Earthquake,0,50000
20/09/2000,USA,Storm,1,90000
04/10/2000,USA,Storm,2,219000
20/11/2000,USA,Storm,0,0
24/12/2000,USA,Storm,57,10000
02/11/2000,USA,Flood,0,20000
25/01/2000,USA,Storm,4,350000
17/12/2000,USA,Storm,12,500000
//2002,USA,Drought,0,1100000
//2000,USA,Drought,0,0
28/02/2001,USA,Earthquake,1,2000000
24/02/2001,USA,Storm,7,250000
22/02/2001,USA,Storm,11,0
11/04/2001,USA,Storm,4,23000
29/03/2001,USA,Storm,0,1800
17/06/2001,USA,Storm,41,6000000
01/03/2001,USA,Flood,0,0
20/03/2001,USA,Storm,2,0
15/05/2001,USA,Flood,1,13000
21/04/2001,USA,Storm,1,0
/04/2001,USA,Wildfire,1,0
14/06/2001,USA,Storm,0,0
/08/2001,USA,Wildfire,0,0
09/07/2001,USA,Flood,2,20000
18/06/2001,USA,Storm,3,10000
13/06/2001,USA,Storm,0,0
21/06/2001,USA,Storm,0,0
10/10/2001,USA,Storm,0,0
24/09/2001,USA,Storm,2,30000
11/10/2001,USA,Storm,0,4000
12/10/2001,USA,Storm,0,7000
30/10/2001,USA,Wildfire,1,0
19/11/2001,USA,Flood,9,0
/08/2001,USA,Extreme temperature ,56,0
/08/2001,USA,Storm,11,0
/08/2001,USA,Flood,0,0
17/08/2001,USA,Storm,0,3000
/01/2002,USA,Storm,24,0
10/02/2002,USA,Wildfire,0,6600
08/02/2002,USA,Storm,28,400000
/03/2002,USA,Storm,20,0
19/03/2002,USA,Storm,6,200500
24/03/2002,USA,Flood,7,0
/03/2002,USA,Wildfire,0,5000
08/05/2002,USA,Flood,9,13000
05/05/2002,USA,Storm,2,0
21/04/2002,USA,Storm,1,4000
03/05/2002,USA,Storm,10,2200000
/04/2002,USA,Wildfire,0,0
/05/2002,USA,Wildfire,0,0
08/06/2002,USA,Wildfire,0,20000
/06/2002,USA,Extreme temperature ,14,0
20/06/2002,USA,Wildfire,0,200500
23/07/2002,USA,Flood,10,1000000
05/09/2002,USA,Storm,0,20000
24/09/2002,USA,Flood,0,0
22/09/2002,USA,Wildfire,0,0
/07/2002,USA,Wildfire,0,0
27/09/2002,USA,Storm,1,300000
10/11/2002,USA,Storm,36,700000
03/10/2002,USA,Storm,0,2000000
05/12/2002,USA,Storm,30,450500
19/12/2002,USA,Storm,13,0
23/12/2002,USA,Storm,18,0
01/06/2002,USA,Storm,1,0
/08/2002,USA,Drought,0,3300000
18/02/2003,USA,Storm,44,200000
20/03/2003,USA,Storm,6,5000000
20/03/2003,USA,Storm,3,25000
10/05/2003,USA,Storm,45,4000000
20/06/2003,USA,Wildfire,0,0
21/07/2003,USA,Flood,3,106000
08/08/2003,USA,Storm,0,0
22/09/2003,USA,Storm,16,3370000
26/10/2003,USA,Flood,0,0
04/11/2003,USA,Wildfire,14,0
20/11/2003,USA,Storm,8,0
07/12/2003,USA,Storm,13,0
22/12/2003,USA,Earthquake,2,200000
26/12/2003,USA,Landslide,15,0
13/11/2003,USA,Flood,18,0
23/02/2003,USA,Storm,4,400000
14/05/2003,USA,Flood,3,17000
30/05/2003,USA,Storm,0,0
30/06/2003,USA,Storm,4,50000
04/11/2003,USA,Wildfire,4,3500000
16/12/2003,USA,Storm,2,3400
08/04/2003,USA,Storm,13,2100000
26/02/2003,USA,Storm,14,0
29/01/2004,USA,Storm,56,60000
07/03/2004,USA,Storm,9,300000
11/04/2004,USA,Flood,0,4500
04/05/2004,USA,Wildfire,0,0
27/05/2004,USA,Storm,5,1100000
28/05/2004,USA,Flood,0,0
02/06/2004,USA,Storm,10,700000
28/06/2004,USA,Storm,4,170
16/07/2004,USA,Wildfire,0,0
13/08/2004,USA,Storm,10,16000000
14/08/2004,USA,Wildfire,0,0
30/08/2004,USA,Storm,7,62500
05/09/2004,USA,Storm,47,11000000
16/09/2004,USA,Storm,52,18000000
26/09/2004,USA,Storm,6,8000000
08/09/2004,USA,Storm,0,2100
30/10/2004,USA,Flood,0,1000
14/07/2004,USA,Flood,1,500000
21/03/2004,USA,Storm,9,0
12/01/2004,USA,Extreme temperature ,3,0
11/01/2005,USA,Flood,28,200000
24/01/2005,USA,Storm,20,350000
23/02/2005,USA,Flood,9,250000
06/04/2005,USA,Flood,2,30000
08/04/2005,USA,Storm,0,350000
08/05/2005,USA,Flood,0,5330
10/07/2005,USA,Storm,5,2230000
19/09/2005,USA,Storm,1833,125000000
18/08/2005,USA,Storm,0,0
01/10/2005,USA,Storm,10,16000000
16/10/2005,USA,Flood,11,0
24/10/2005,USA,Storm,4,14300000
09/12/2005,USA,Storm,10,0
30/07/2005,USA,Extreme temperature ,33,0
18/01/2006,USA,Flood,3,245000
04/01/2006,USA,Wildfire,5,100000
13/03/2006,USA,Storm,10,1200000
03/04/2006,USA,Storm,28,600000
08/04/2006,USA,Storm,12,1600000
17/04/2006,USA,Flood,1,259000
23/03/2006,USA,Flood,7,12000
07/05/2006,USA,Storm,1,450000
22/05/2006,USA,Flood,2,85000
01/07/2006,USA,Flood,11,1000000
25/06/2006,USA,Flood,2,7000
14/07/2006,USA,Wildfire,1,16000
15/08/2006,USA,Extreme temperature ,164,0
07/08/2006,USA,Flood,0,100000
30/07/2006,USA,Flood,1,0
06/08/2006,USA,Extreme temperature ,24,0
24/08/2006,USA,Flood,0,15500
07/09/2006,USA,Storm,6,32860
26/09/2006,USA,Flood,14,0
14/10/2006,USA,Flood,0,0
27/10/2006,USA,Wildfire,4,25000
16/11/2006,USA,Storm,12,95000
10/11/2006,USA,Flood,2,0
14/10/2006,USA,Storm,3,300000
06/12/2006,USA,Wildfire,0,25000
15/10/2006,USA,Earthquake,0,150000
25/12/2006,USA,Storm,0,90000
21/12/2006,USA,Storm,0,0
31/12/2006,USA,Storm,0,360000
03/12/2006,USA,Storm,11,0
15/12/2006,USA,Storm,10,0
17/01/2007,USA,Storm,65,500000
25/01/2007,USA,Flood,24,0
02/02/2007,USA,Storm,20,130000
15/02/2007,USA,Storm,16,140000
02/03/2007,USA,Storm,20,600000
26/04/2007,USA,Storm,10,0
29/05/2007,USA,Flood,8,0
06/07/2007,USA,Flood,8,0
20/06/2007,USA,Flood,4,0
22/06/2007,USA,Flood,10,28000
02/07/2007,USA,Wildfire,0,0
19/08/2007,USA,Storm,7,0
27/08/2007,USA,Flood,26,700000
24/10/2007,USA,Wildfire,8,2500000
27/11/2007,USA,Wildfire,0,315000
07/12/2007,USA,Storm,17,1000000
26/12/2007,USA,Storm,22,0
11/12/2007,USA,Storm,24,500000
08/05/2007,USA,Storm,12,350000
17/04/2007,USA,Storm,23,2000000
25/02/2007,USA,Storm,4,300000
25/05/2007,USA,Storm,5,300000
/06/2009,USA,Drought,0,300000
09/01/2008,USA,Flood,2,0
06/02/2008,USA,Storm,59,1300000
21/02/2008,USA,Earthquake,0,0
14/03/2008,USA,Storm,2,450000
20/04/2008,USA,Flood,18,2000
12/05/2008,USA,Storm,22,700000
26/05/2008,USA,Storm,7,1600000
09/07/2008,USA,Wildfire,1,102000
23/07/2008,USA,Storm,0,1200000
28/08/2008,USA,Storm,12,180000
01/09/2008,USA,Storm,43,7000000
28/08/2008,USA,Storm,7,160000
16/09/2008,USA,Storm,82,30000000
18/11/2008,USA,Wildfire,0,2000000
14/12/2008,USA,Extreme temperature ,0,0
30/01/2008,USA,Storm,4,600000
09/01/2008,USA,Storm,12,1000000
11/04/2008,USA,Storm,3,1100000
30/06/2008,USA,Flood,24,10000000
16/01/2009,USA,Flood,0,0
28/04/2008,USA,Storm,0,110000
22/12/2008,USA,Storm,5,360000
28/01/2009,USA,Extreme temperature ,58,1100000
20/04/2009,USA,Flood,2,166000
10/04/2009,USA,Storm,9,1700000
11/05/2009,USA,Wildfire,0,100000
10/05/2009,USA,Flood,0,0
09/04/2009,USA,Flood,0,0
18/04/2009,USA,Storm,6,240000
13/02/2009,USA,Storm,16,2500000
23/08/2009,USA,Storm,3,0
27/10/2009,USA,Wildfire,2,0
21/09/2009,USA,Flood,9,500000
10/11/2009,USA,Storm,6,600000
25/12/2009,USA,Storm,19,0
18/06/2009,USA,Storm,1,2000000
21/07/2009,USA,Storm,1,1000000
09/05/2009,USA,Storm,7,850000
28/03/2009,USA,Storm,6,1500000
10/01/2010,USA,Earthquake,0,12500
11/02/2010,USA,Storm,2,2000000
28/02/2010,USA,Storm,1,500000
31/03/2010,USA,Flood,0,0
24/04/2010,USA,Storm,12,0
03/05/2010,USA,Storm,30,2350000
16/05/2010,USA,Storm,5,2700000
11/06/2010,USA,Flood,20,0
03/09/2010,USA,Storm,1,100000
11/09/2010,USA,Storm,8,0
15/03/2010,USA,Storm,11,1500000
19/12/2010,USA,Flood,0,0
26/12/2010,USA,Storm,0,0
01/01/2011,USA,Storm,8,0
20/06/2010,USA,Storm,20,0
16/05/2010,USA,Storm,20,0
02/02/2011,USA,Storm,39,1900000
16/04/2011,USA,Storm,46,2000000
30/04/2011,USA,Wildfire,2,183000
29/04/2011,USA,Storm,354,11000000
24/05/2011,USA,Flood,1,0
25/05/2011,USA,Storm,176,14000000
24/05/2011,USA,Storm,11,0
01/06/2011,USA,Storm,3,0
22/07/2011,USA,Extreme temperature ,22,0
13/09/2011,USA,Storm,46,7300000
09/09/2011,USA,Wildfire,4,1000000
09/08/2011,USA,Flood,2,0
31/10/2011,USA,Storm,29,3000000
09/09/2011,USA,Storm,15,750000
20/12/2011,USA,Storm,6,0
12/01/2011,USA,Storm,11,0
24/01/2011,USA,Storm,10,0
05/04/2011,USA,Storm,9,3500000
23/05/2011,USA,Flood,9,4600000
14/08/2011,USA,Storm,7,0
23/06/2011,USA,Wildfire,2,200000
30/06/2011,USA,Flood,5,2000000
/11/2011,USA,Drought,0,8000000
23/01/2012,USA,Storm,2,175000
29/02/2012,USA,Storm,14,500000
04/03/2012,USA,Storm,41,5000000
03/04/2012,USA,Storm,0,1550000
15/04/2012,USA,Storm,6,1800000
27/06/2012,USA,Storm,9,210000
12/06/2012,USA,Flood,2,174000
19/07/2012,USA,Extreme temperature ,123,0
10/07/2012,USA,Wildfire,2,600000
30/06/2012,USA,Storm,1,0
29/08/2012,USA,Storm,1,2000000
28/10/2012,USA,Storm,54,50000000
21/12/2012,USA,Storm,7,2000
27/12/2012,USA,Storm,17,50000
02/07/2012,USA,Storm,28,4000000
08/08/2012,USA,Wildfire,1,200000
29/04/2012,USA,Storm,1,4500000
23/01/2012,USA,Storm,3,100000
30/05/2012,USA,Storm,0,3400000
07/06/2012,USA,Storm,0,1400000
13/06/2012,USA,Storm,0,1900000
04/07/2012,USA,Storm,1,700000
09/09/2012,USA,Storm,5,210000
//2012,USA,Drought,0,0
/12/2012,USA,Drought,0,20000000
30/01/2013,USA,Storm,3,300000
09/02/2013,USA,Storm,15,100000
11/02/2013,USA,Storm,1,100000
11/04/2013,USA,Storm,4,1600000
19/04/2013,USA,Storm,3,1100000
22/05/2013,USA,Storm,29,3100000
17/05/2013,USA,Storm,6,300000
06/06/2013,USA,Storm,27,2100000
08/06/2013,USA,Wildfire,0,21400
20/06/2013,USA,Wildfire,2,500000
13/06/2013,USA,Storm,4,900000
12/07/2013,USA,Wildfire,19,2000
28/07/2013,USA,Flood,2,25000
12/08/2013,USA,Flood,3,25000
28/05/2013,USA,Flood,3,2000
29/04/2013,USA,Flood,5,325000
01/09/2013,USA,Wildfire,0,175000
03/08/2013,USA,Storm,0,300000
19/09/2013,USA,Flood,9,1900000
15/09/2013,USA,Wildfire,1,10000
18/11/2013,USA,Storm,11,1300000
24/11/2013,USA,Storm,14,2000
10/11/2013,USA,Flood,4,0
22/12/2013,USA,Extreme temperature ,19,200000
19/03/2013,USA,Storm,2,2200000
09/12/2013,USA,Storm,20,100000
31/12/2013,USA,Flood,5,0
25/02/2013,USA,Storm,1,1100000
08/01/2014,USA,Extreme temperature ,21,2500000
06/02/2014,USA,Storm,9,250000
05/01/2014,USA,Storm,16,210000
29/01/2014,USA,Storm,13,250000
14/02/2014,USA,Storm,25,750000
22/03/2014,USA,Landslide,43,20000
04/03/2014,USA,Storm,12,2000
01/05/2014,USA,Storm,40,2000000
20/05/2014,USA,Wildfire,2,100000
23/05/2014,USA,Storm,0,3900000
27/07/2014,USA,Storm,0,270000
10/08/2014,USA,Storm,1,66000
13/08/2014,USA,Flood,2,1600000
24/08/2014,USA,Earthquake,1,700000
14/10/2014,USA,Storm,2,170000
19/11/2014,USA,Storm,13,100000
17/12/2014,USA,Storm,3,0
05/12/2014,USA,Flood,0,90000
06/06/2014,USA,Storm,2,1600000
/12/2014,USA,Drought,0,2200000
11/01/2015,USA,Storm,15,100000
28/01/2015,USA,Storm,2,80000
22/02/2015,USA,Storm,10,100000
04/02/2015,USA,Storm,22,150000
22/02/2015,USA,Storm,30,3000000
05/03/2015,USA,Storm,13,170000
26/03/2015,USA,Storm,1,500000
10/04/2015,USA,Storm,3,1400000
28/04/2015,USA,Storm,4,950000
13/05/2015,USA,Storm,6,1000000
05/05/2015,USA,Storm,1,160000
24/05/2015,USA,Flood,16,0
13/05/2015,USA,Storm,4,1400000
30/05/2015,USA,Flood,32,2700000
08/06/2015,USA,Storm,0,650000
13/08/2015,USA,Wildfire,1,2000
14/07/2015,USA,Storm,4,700000
05/08/2015,USA,Flood,0,100000
04/08/2015,USA,Storm,4,950000
31/08/2015,USA,Wildfire,4,150000
20/09/2015,USA,Wildfire,4,1400000
14/09/2015,USA,Flood,19,2000
13/10/2015,USA,Storm,21,1700000
03/11/2015,USA,Storm,6,270000
04/12/2015,USA,Storm,18,140000
30/12/2015,USA,Storm,45,900000
06/01/2016,USA,Flood,31,600000
14/09/2015,USA,Wildfire,3,400000
/12/2015,USA,Drought,0,1800000
26/01/2016,USA,Storm,50,550000
08/01/2016,USA,Storm,0,125000
25/02/2016,USA,Storm,10,1200000
12/03/2016,USA,Storm,7,1600000
18/03/2016,USA,Storm,1,1200000
25/03/2016,USA,Storm,0,2300000
15/04/2016,USA,Storm,1,3900000
19/04/2016,USA,Flood,9,2000000
04/05/2016,USA,Storm,6,2400000
10/05/2016,USA,Storm,2,1000000
30/04/2016,USA,Flood,11,0
28/05/2016,USA,Storm,9,1100000
02/06/2016,USA,Flood,15,300000
26/06/2016,USA,Storm,25,1000000
26/06/2016,USA,Wildfire,0,150000
01/08/2016,USA,Wildfire,2,50000
16/08/2016,USA,Flood,13,10000000
16/08/2016,USA,Wildfire,0,100000
06/09/2016,USA,Storm,3,600000
23/09/2016,USA,Flood,1,550000
09/10/2016,USA,Storm,49,10000000
02/12/2016,USA,Wildfire,14,1200000
01/12/2016,USA,Storm,8,275000
07/11/2016,USA,Earthquake,0,20000
19/12/2016,USA,Storm,22,100000
28/04/2017,USA,Storm,6,0
13/03/2016,USA,Flood,5,2300000
//1967,URY,Flood,8,39000
/08/1986,URY,Flood,0,0
16/04/1991,URY,Flood,0,0
12/06/1992,URY,Flood,0,0
08/09/1993,URY,Storm,0,0
21/12/1997,URY,Storm,1,0
08/05/1998,URY,Flood,1,5000
29/06/1999,URY,Storm,1,0
//2000,URY,Drought,0,250000
16/05/2000,URY,Flood,0,0
/07/2000,URY,Extreme temperature ,7,0
27/12/2000,URY,Storm,0,0
/06/2001,URY,Flood,0,0
15/03/2002,URY,Storm,2,25000
01/04/2002,URY,Flood,0,0
/05/2003,URY,Flood,0,0
/07/2004,URY,Extreme temperature ,0,0
24/08/2005,URY,Storm,7,0
27/04/2007,URY,Flood,0,0
25/05/2007,URY,Flood,2,45000
/07/2007,URY,Extreme temperature ,0,0
30/11/2009,URY,Flood,1,0
/07/2010,URY,Extreme temperature ,4,0
19/08/2015,URY,Flood,0,0
28/10/2015,URY,Flood,0,0
26/12/2015,URY,Flood,0,0
11/05/2016,URY,Flood,8,3000
08/02/1940,VUT,Storm,0,0
24/12/1951,VUT,Storm,100,250
28/12/1959,VUT,Storm,0,0
18/01/1972,VUT,Storm,0,0
02/02/1972,VUT,Storm,4,0
17/04/1972,VUT,Storm,0,0
05/03/1975,VUT,Storm,0,0
20/01/1977,VUT,Storm,0,0
06/01/1979,VUT,Storm,0,0
11/02/1981,VUT,Storm,0,0
12/12/1981,VUT,Storm,0,1000
16/01/1985,VUT,Storm,9,173000
/07/1985,VUT,Earthquake,0,0
08/02/1987,VUT,Storm,48,25000
11/01/1988,VUT,Storm,0,0
/08/1988,VUT,Storm,0,0
//1988,VUT,Landslide,1,0
19/02/1990,VUT,Earthquake,0,0
05/03/1990,VUT,Earthquake,0,0
27/07/1990,VUT,Earthquake,0,0
09/01/1992,VUT,Storm,2,0
09/03/1992,VUT,Storm,0,0
30/03/1993,VUT,Storm,4,6000
13/08/1994,VUT,Earthquake,0,0
21/04/1997,VUT,Earthquake,100,0
21/03/1998,VUT,Storm,0,0
08/05/1999,VUT,Storm,32,0
27/11/1999,VUT,Earthquake,12,0
28/02/2001,VUT,Storm,1,0
07/04/2001,VUT,Storm,1,0
08/06/2001,VUT,Volcanic activity,0,0
03/01/2002,VUT,Earthquake,0,0
27/11/2002,VUT,Earthquake,0,0
25/12/2002,VUT,Flood,0,0
27/02/2004,VUT,Storm,2,0
27/11/2005,VUT,Volcanic activity,0,0
09/05/2006,VUT,Volcanic activity,0,0
/04/2009,VUT,Volcanic activity,0,0
15/04/2009,VUT,Flood,0,0
26/11/2009,VUT,Volcanic activity,0,0
31/01/2011,VUT,Storm,0,0
13/01/2011,VUT,Storm,0,0
12/03/2014,VUT,Storm,12,2000
14/03/2015,VUT,Storm,11,449400
22/11/1991,YEM,Earthquake,10,0
/12/1991,YEM,Flood,0,0
10/02/1993,YEM,Flood,31,1500
25/06/1996,YEM,Flood,338,1200000
18/05/1996,YEM,Flood,7,10000
16/03/1998,YEM,Flood,0,0
30/08/1998,YEM,Flood,70,0
04/12/1999,YEM,Flood,0,0
09/06/2001,YEM,Storm,13,0
29/07/2001,YEM,Flood,33,0
12/08/2001,YEM,Storm,17,0
11/04/2002,YEM,Flood,2,0
08/07/2002,YEM,Flood,10,0
26/07/2002,YEM,Flood,13,0
06/09/2002,YEM,Flood,28,0
21/06/2003,YEM,Flood,15,0
27/04/2005,YEM,Flood,10,0
29/12/2005,YEM,Landslide,65,0
21/08/2005,YEM,Flood,12,0
23/02/2006,YEM,Flood,5,0
05/04/2006,YEM,Flood,25,0
04/01/2007,YEM,Flood,7,0
30/03/2007,YEM,Flood,36,0
27/08/2007,YEM,Flood,50,0
30/09/2007,YEM,Volcanic activity,6,0
24/10/2008,YEM,Flood,90,400000
27/08/2009,YEM,Landslide,11,0
05/05/2010,YEM,Flood,7,0
15/07/2010,YEM,Flood,15,0
17/08/2013,YEM,Flood,40,0
04/11/2015,YEM,Storm,8,200000
10/11/2015,YEM,Storm,24,0
14/04/2016,YEM,Flood,20,0
23/05/2016,YEM,Landslide,20,0
/02/1978,ZMB,Flood,11,200
//1982,ZMB,Drought,0,0
//1983,ZMB,Drought,0,0
23/01/1989,ZMB,Flood,0,0
//1992,ZMB,Drought,0,0
//1995,ZMB,Drought,0,0
06/02/1998,ZMB,Flood,0,20700
04/03/2000,ZMB,Flood,0,0
/02/2001,ZMB,Flood,5,0
15/03/2003,ZMB,Flood,0,0
25/12/2003,ZMB,Flood,4,0
02/06/2004,ZMB,Flood,2,0
/11/2005,ZMB,Flood,0,0
/11/2005,ZMB,Drought,0,0
10/05/2007,ZMB,Flood,4,0
10/03/2007,ZMB,Flood,0,0
27/02/2008,ZMB,Flood,10,0
01/05/2008,ZMB,Flood,4,0
27/03/2009,ZMB,Flood,31,0
22/02/2010,ZMB,Landslide,9,0
17/03/2010,ZMB,Flood,0,0
/03/2011,ZMB,Flood,0,0
/01/2013,ZMB,Flood,0,0
/05/2014,ZMB,Flood,0,0
24/12/1975,ZWE,Storm,11,0
//1984,ZWE,Drought,0,1000
//1995,ZWE,Drought,0,50000
10/01/1998,ZWE,Flood,36,0
//1998,ZWE,Drought,0,0
27/03/2000,ZWE,Flood,70,72900
/02/2001,ZWE,Flood,13,3600
//2003,ZWE,Drought,0,0
07/03/2003,ZWE,Storm,8,0
28/02/2003,ZWE,Flood,2,200000
27/02/2007,ZWE,Storm,0,1200
/12/2007,ZWE,Flood,3,0
02/01/2008,ZWE,Flood,24,0
/06/2009,ZWE,Drought,0,0
04/03/2010,ZWE,Flood,0,0
//2013,ZWE,Drought,0,0
/03/2011,ZWE,Flood,0,0
/01/2013,ZWE,Flood,125,0
/01/2017,ZWE,Drought,0,500000
10/02/2014,ZWE,Flood,3,20000
/01/2015,ZWE,Flood,11,0
04/01/2015,ZWE,Storm,10,0
14/12/2016,ZWE,Storm,31,0
